0 verbose cli C:\Program Files\nodejs\node.exe C:\Program Files\nodejs\node_modules\npm\bin\npm-cli.js
1 info using npm@11.6.2
2 info using node@v24.13.0
3 silly config load:file:C:\Program Files\nodejs\node_modules\npm\npmrc
4 silly config load:file:S:\Clouthes WEB\.npmrc
5 silly config load:file:C:\Users\SAIF\.npmrc
6 silly config load:file:C:\Users\SAIF\AppData\Roaming\npm\etc\npmrc
7 verbose title npm install
8 verbose argv "install" "--cache" ".\\.npm-cache" "--ignore-scripts"
9 verbose logfile logs-max:10 dir:S:\Clouthes WEB\.npm-cache\_logs\2026-04-26T11_49_18_489Z-
10 verbose logfile S:\Clouthes WEB\.npm-cache\_logs\2026-04-26T11_49_18_489Z-debug-0.log
11 silly logfile start cleaning logs, removing 1 files
12 silly packumentCache heap:4496293888 maxSize:1124073472 maxEntrySize:562036736
13 silly logfile done cleaning log files
14 silly idealTree buildDeps
15 silly fetch manifest next@^16.2.4
16 silly packumentCache full:https://registry.npmjs.org/next cache-miss
17 http cache https://registry.npmjs.org/next 350ms (cache hit)
18 silly packumentCache full:https://registry.npmjs.org/next set size:30198231 disposed:false
19 silly fetch manifest @opentelemetry/api@^1.1.0
20 silly packumentCache full:https://registry.npmjs.org/@opentelemetry%2fapi cache-miss
21 http cache https://registry.npmjs.org/@opentelemetry%2fapi 10ms (cache hit)
22 silly packumentCache full:https://registry.npmjs.org/@opentelemetry%2fapi set size:272855 disposed:false
23 silly fetch manifest @playwright/test@^1.51.1
24 silly packumentCache full:https://registry.npmjs.org/@playwright%2ftest cache-miss
25 http cache https://registry.npmjs.org/@playwright%2ftest 30ms (cache hit)
26 silly packumentCache full:https://registry.npmjs.org/@playwright%2ftest set size:9042926 disposed:false
27 silly fetch manifest babel-plugin-react-compiler@*
28 silly packumentCache full:https://registry.npmjs.org/babel-plugin-react-compiler cache-miss
29 http cache https://registry.npmjs.org/babel-plugin-react-compiler 11ms (cache hit)
30 silly packumentCache full:https://registry.npmjs.org/babel-plugin-react-compiler set size:1340419 disposed:false
31 silly fetch manifest react@^19.0.0
32 silly packumentCache full:https://registry.npmjs.org/react cache-miss
33 http cache https://registry.npmjs.org/react 24ms (cache hit)
34 silly packumentCache full:https://registry.npmjs.org/react set size:6625721 disposed:false
35 silly fetch manifest react-dom@^19.0.0
36 silly packumentCache full:https://registry.npmjs.org/react-dom cache-miss
37 http cache https://registry.npmjs.org/react-dom 29ms (cache hit)
38 silly packumentCache full:https://registry.npmjs.org/react-dom set size:8826021 disposed:false
39 silly fetch manifest sass@^1.3.0
40 silly packumentCache full:https://registry.npmjs.org/sass cache-miss
41 http cache https://registry.npmjs.org/sass 15ms (cache hit)
42 silly packumentCache full:https://registry.npmjs.org/sass set size:726244 disposed:false
43 silly fetch manifest eslint@^10.2.1
44 silly packumentCache full:https://registry.npmjs.org/eslint cache-miss
45 http cache https://registry.npmjs.org/eslint 12ms (cache hit)
46 silly packumentCache full:https://registry.npmjs.org/eslint set size:1983515 disposed:false
47 silly fetch manifest jiti@*
48 silly packumentCache full:https://registry.npmjs.org/jiti cache-miss
49 http fetch GET 200 https://registry.npmjs.org/jiti 329ms (cache revalidated)
50 silly packumentCache full:https://registry.npmjs.org/jiti set size:382310 disposed:false
51 silly fetch manifest eslint-config-next@^16.2.4
52 silly packumentCache full:https://registry.npmjs.org/eslint-config-next cache-miss
53 http cache https://registry.npmjs.org/eslint-config-next 24ms (cache hit)
54 silly packumentCache full:https://registry.npmjs.org/eslint-config-next set size:6612084 disposed:false
55 silly fetch manifest typescript@^5.7.2
56 silly packumentCache full:https://registry.npmjs.org/typescript cache-miss
57 http fetch GET 200 https://registry.npmjs.org/typescript 135ms (cache revalidated)
58 silly packumentCache full:https://registry.npmjs.org/typescript set size:15409943 disposed:false
59 silly placeDep ROOT eslint@10.2.1 REPLACE for: clouthes-web@1.0.0 want: ^10.2.1
60 silly placeDep ROOT eslint-config-next@16.2.4 REPLACE for: clouthes-web@1.0.0 want: ^16.2.4
61 silly placeDep ROOT next@16.2.4 REPLACE for: clouthes-web@1.0.0 want: ^16.2.4
62 silly fetch manifest @eslint/config-array@^0.23.5
63 silly packumentCache full:https://registry.npmjs.org/@eslint%2fconfig-array cache-miss
64 silly fetch manifest @eslint/config-helpers@^0.5.5
65 silly packumentCache full:https://registry.npmjs.org/@eslint%2fconfig-helpers cache-miss
66 silly fetch manifest @eslint/core@^1.2.1
67 silly packumentCache full:https://registry.npmjs.org/@eslint%2fcore cache-miss
68 silly fetch manifest @eslint/plugin-kit@^0.7.1
69 silly packumentCache full:https://registry.npmjs.org/@eslint%2fplugin-kit cache-miss
70 silly fetch manifest @humanfs/node@^0.16.6
71 silly packumentCache full:https://registry.npmjs.org/@humanfs%2fnode cache-miss
72 silly fetch manifest @humanwhocodes/retry@^0.4.2
73 silly packumentCache full:https://registry.npmjs.org/@humanwhocodes%2fretry cache-miss
74 silly fetch manifest @types/estree@^1.0.6
75 silly packumentCache full:https://registry.npmjs.org/@types%2festree cache-miss
76 silly fetch manifest ajv@^6.14.0
77 silly packumentCache full:https://registry.npmjs.org/ajv cache-miss
78 silly fetch manifest eslint-scope@^9.1.2
79 silly packumentCache full:https://registry.npmjs.org/eslint-scope cache-miss
80 silly fetch manifest eslint-visitor-keys@^5.0.1
81 silly packumentCache full:https://registry.npmjs.org/eslint-visitor-keys cache-miss
82 silly fetch manifest espree@^11.2.0
83 silly packumentCache full:https://registry.npmjs.org/espree cache-miss
84 http fetch GET 200 https://registry.npmjs.org/@eslint%2fconfig-array 115ms (cache miss)
85 silly packumentCache full:https://registry.npmjs.org/@eslint%2fconfig-array set size:undefined disposed:false
86 silly fetch manifest fast-deep-equal@^3.1.3
87 silly packumentCache full:https://registry.npmjs.org/fast-deep-equal cache-miss
88 http fetch GET 200 https://registry.npmjs.org/fast-deep-equal 94ms (cache revalidated)
89 silly packumentCache full:https://registry.npmjs.org/fast-deep-equal set size:48634 disposed:false
90 silly fetch manifest file-entry-cache@^8.0.0
91 silly packumentCache full:https://registry.npmjs.org/file-entry-cache cache-miss
92 http fetch GET 200 https://registry.npmjs.org/@eslint%2fconfig-helpers 291ms (cache miss)
93 silly packumentCache full:https://registry.npmjs.org/@eslint%2fconfig-helpers set size:undefined disposed:false
94 silly fetch manifest ignore@^5.2.0
95 silly packumentCache full:https://registry.npmjs.org/ignore cache-miss
96 http fetch GET 200 https://registry.npmjs.org/@eslint%2fcore 318ms (cache miss)
97 silly packumentCache full:https://registry.npmjs.org/@eslint%2fcore set size:undefined disposed:false
98 silly fetch manifest minimatch@^10.2.4
99 silly packumentCache full:https://registry.npmjs.org/minimatch cache-miss
100 http fetch GET 200 https://registry.npmjs.org/@eslint%2fplugin-kit 331ms (cache miss)
101 silly packumentCache full:https://registry.npmjs.org/@eslint%2fplugin-kit set size:undefined disposed:false
102 silly fetch manifest globals@16.4.0
103 silly packumentCache full:https://registry.npmjs.org/globals cache-miss
104 http fetch GET 200 https://registry.npmjs.org/eslint-scope 332ms (cache revalidated)
105 silly packumentCache full:https://registry.npmjs.org/eslint-scope set size:98867 disposed:false
106 silly fetch manifest typescript-eslint@^8.46.0
107 silly packumentCache full:https://registry.npmjs.org/typescript-eslint cache-miss
108 http fetch GET 200 https://registry.npmjs.org/file-entry-cache 126ms (cache revalidated)
109 silly packumentCache full:https://registry.npmjs.org/file-entry-cache set size:151480 disposed:false
110 silly fetch manifest eslint-plugin-react@^7.37.0
111 silly packumentCache full:https://registry.npmjs.org/eslint-plugin-react cache-miss
112 http fetch GET 200 https://registry.npmjs.org/eslint-visitor-keys 340ms (cache revalidated)
113 silly packumentCache full:https://registry.npmjs.org/eslint-visitor-keys set size:69949 disposed:false
114 silly fetch manifest eslint-plugin-import@^2.32.0
115 silly packumentCache full:https://registry.npmjs.org/eslint-plugin-import cache-miss
116 http fetch GET 200 https://registry.npmjs.org/@humanfs%2fnode 347ms (cache miss)
117 silly packumentCache full:https://registry.npmjs.org/@humanfs%2fnode set size:undefined disposed:false
118 silly fetch manifest eslint-plugin-jsx-a11y@^6.10.0
119 silly packumentCache full:https://registry.npmjs.org/eslint-plugin-jsx-a11y cache-miss
120 http fetch GET 200 https://registry.npmjs.org/espree 364ms (cache revalidated)
121 silly packumentCache full:https://registry.npmjs.org/espree set size:326080 disposed:false
122 silly fetch manifest @next/eslint-plugin-next@16.2.4
123 silly packumentCache full:https://registry.npmjs.org/@next%2feslint-plugin-next cache-miss
124 http fetch GET 200 https://registry.npmjs.org/@types%2festree 372ms (cache miss)
125 silly packumentCache full:https://registry.npmjs.org/@types%2festree set size:undefined disposed:false
126 silly fetch manifest eslint-plugin-react-hooks@^7.0.0
127 silly packumentCache full:https://registry.npmjs.org/eslint-plugin-react-hooks cache-miss
128 http fetch GET 200 https://registry.npmjs.org/@humanwhocodes%2fretry 379ms (cache miss)
129 silly packumentCache full:https://registry.npmjs.org/@humanwhocodes%2fretry set size:undefined disposed:false
130 silly fetch manifest eslint-import-resolver-typescript@^3.5.2
131 silly packumentCache full:https://registry.npmjs.org/eslint-import-resolver-typescript cache-miss
132 http fetch GET 200 https://registry.npmjs.org/ignore 90ms (cache revalidated)
133 silly packumentCache full:https://registry.npmjs.org/ignore set size:237380 disposed:false
134 silly fetch manifest @next/env@16.2.4
135 silly packumentCache full:https://registry.npmjs.org/@next%2fenv cache-miss
136 http fetch GET 200 https://registry.npmjs.org/minimatch 112ms (cache revalidated)
137 silly packumentCache full:https://registry.npmjs.org/minimatch set size:375282 disposed:false
138 silly fetch manifest @next/swc-darwin-x64@16.2.4
139 silly packumentCache full:https://registry.npmjs.org/@next%2fswc-darwin-x64 cache-miss
140 http fetch GET 200 https://registry.npmjs.org/eslint-plugin-react 108ms (cache revalidated)
141 silly packumentCache full:https://registry.npmjs.org/eslint-plugin-react set size:646827 disposed:false
142 silly fetch manifest @next/swc-darwin-arm64@16.2.4
143 silly packumentCache full:https://registry.npmjs.org/@next%2fswc-darwin-arm64 cache-miss
144 http fetch GET 200 https://registry.npmjs.org/eslint-plugin-import 138ms (cache revalidated)
145 silly packumentCache full:https://registry.npmjs.org/eslint-plugin-import set size:484928 disposed:false
146 silly fetch manifest @next/swc-linux-x64-gnu@16.2.4
147 silly packumentCache full:https://registry.npmjs.org/@next%2fswc-linux-x64-gnu cache-miss
148 http fetch GET 200 https://registry.npmjs.org/globals 162ms (cache revalidated)
149 silly packumentCache full:https://registry.npmjs.org/globals set size:312297 disposed:false
150 silly fetch manifest @next/swc-linux-x64-musl@16.2.4
151 silly packumentCache full:https://registry.npmjs.org/@next%2fswc-linux-x64-musl cache-miss
152 http fetch GET 200 https://registry.npmjs.org/eslint-plugin-jsx-a11y 173ms (cache revalidated)
153 silly packumentCache full:https://registry.npmjs.org/eslint-plugin-jsx-a11y set size:280052 disposed:false
154 silly fetch manifest @next/swc-win32-x64-msvc@16.2.4
155 silly packumentCache full:https://registry.npmjs.org/@next%2fswc-win32-x64-msvc cache-miss
156 http fetch GET 200 https://registry.npmjs.org/eslint-import-resolver-typescript 149ms (cache revalidated)
157 silly packumentCache full:https://registry.npmjs.org/eslint-import-resolver-typescript set size:334387 disposed:false
158 silly fetch manifest @next/swc-linux-arm64-gnu@16.2.4
159 silly packumentCache full:https://registry.npmjs.org/@next%2fswc-linux-arm64-gnu cache-miss
160 http fetch GET 200 https://registry.npmjs.org/@next%2fenv 164ms (cache revalidated)
161 silly packumentCache full:https://registry.npmjs.org/@next%2fenv set size:7188109 disposed:false
162 silly fetch manifest @next/swc-linux-arm64-musl@16.2.4
163 silly packumentCache full:https://registry.npmjs.org/@next%2fswc-linux-arm64-musl cache-miss
164 http fetch GET 200 https://registry.npmjs.org/@next%2feslint-plugin-next 248ms (cache revalidated)
165 silly packumentCache full:https://registry.npmjs.org/@next%2feslint-plugin-next set size:6714676 disposed:false
166 silly fetch manifest @next/swc-win32-arm64-msvc@16.2.4
167 silly packumentCache full:https://registry.npmjs.org/@next%2fswc-win32-arm64-msvc cache-miss
168 http fetch GET 200 https://registry.npmjs.org/eslint-plugin-react-hooks 323ms (cache revalidated)
169 silly packumentCache full:https://registry.npmjs.org/eslint-plugin-react-hooks set size:7345133 disposed:false
170 http fetch GET 200 https://registry.npmjs.org/ajv 759ms (cache revalidated)
171 silly packumentCache full:https://registry.npmjs.org/ajv set size:1142658 disposed:false
172 http fetch GET 200 https://registry.npmjs.org/@next%2fswc-darwin-x64 353ms (cache revalidated)
173 silly packumentCache full:https://registry.npmjs.org/@next%2fswc-darwin-x64 set size:5147816 disposed:false
174 http fetch GET 200 https://registry.npmjs.org/@next%2fswc-darwin-arm64 379ms (cache revalidated)
175 silly packumentCache full:https://registry.npmjs.org/@next%2fswc-darwin-arm64 set size:5204162 disposed:false
176 http fetch GET 200 https://registry.npmjs.org/@next%2fswc-linux-x64-musl 445ms (cache revalidated)
177 silly packumentCache full:https://registry.npmjs.org/@next%2fswc-linux-x64-musl set size:5008854 disposed:false
178 http fetch GET 200 https://registry.npmjs.org/@next%2fswc-linux-x64-gnu 499ms (cache revalidated)
179 silly packumentCache full:https://registry.npmjs.org/@next%2fswc-linux-x64-gnu set size:5252724 disposed:false
180 http fetch GET 200 https://registry.npmjs.org/@next%2fswc-linux-arm64-gnu 524ms (cache revalidated)
181 silly packumentCache full:https://registry.npmjs.org/@next%2fswc-linux-arm64-gnu set size:5055687 disposed:false
182 http fetch GET 200 https://registry.npmjs.org/@next%2fswc-win32-x64-msvc 578ms (cache revalidated)
183 silly packumentCache full:https://registry.npmjs.org/@next%2fswc-win32-x64-msvc set size:5224934 disposed:false
184 http fetch GET 200 https://registry.npmjs.org/@next%2fswc-win32-arm64-msvc 498ms (cache revalidated)
185 silly packumentCache full:https://registry.npmjs.org/@next%2fswc-win32-arm64-msvc set size:5037884 disposed:false
186 http fetch GET 200 https://registry.npmjs.org/@next%2fswc-linux-arm64-musl 630ms (cache revalidated)
187 silly packumentCache full:https://registry.npmjs.org/@next%2fswc-linux-arm64-musl set size:5073358 disposed:false
188 http fetch GET 200 https://registry.npmjs.org/typescript-eslint 1005ms (cache miss)
189 silly packumentCache full:https://registry.npmjs.org/typescript-eslint set size:undefined disposed:false
190 silly placeDep ROOT @eslint/config-array@0.23.5 OK for: eslint@10.2.1 want: ^0.23.5
191 silly placeDep ROOT @eslint/config-helpers@0.5.5 OK for: eslint@10.2.1 want: ^0.5.5
192 silly placeDep ROOT @eslint/core@1.2.1 OK for: eslint@10.2.1 want: ^1.2.1
193 silly placeDep ROOT @eslint/plugin-kit@0.7.1 OK for: eslint@10.2.1 want: ^0.7.1
194 silly placeDep ROOT @humanfs/node@0.16.8 OK for: eslint@10.2.1 want: ^0.16.6
195 silly placeDep ROOT @humanwhocodes/retry@0.4.3 OK for: eslint@10.2.1 want: ^0.4.2
196 silly placeDep ROOT @types/estree@1.0.8 OK for: eslint@10.2.1 want: ^1.0.6
197 silly placeDep ROOT ajv@6.15.0 OK for: eslint@10.2.1 want: ^6.14.0
198 silly placeDep ROOT eslint-scope@9.1.2 OK for: eslint@10.2.1 want: ^9.1.2
199 silly placeDep node_modules/eslint eslint-visitor-keys@5.0.1 OK for: eslint@10.2.1 want: ^5.0.1
200 silly placeDep ROOT espree@11.2.0 OK for: eslint@10.2.1 want: ^11.2.0
201 silly placeDep ROOT fast-deep-equal@3.1.3 OK for: eslint@10.2.1 want: ^3.1.3
202 silly placeDep ROOT file-entry-cache@8.0.0 OK for: eslint@10.2.1 want: ^8.0.0
203 silly placeDep ROOT ignore@5.3.2 OK for: eslint@10.2.1 want: ^5.2.0
204 silly placeDep node_modules/eslint minimatch@10.2.5 OK for: eslint@10.2.1 want: ^10.2.4
205 silly fetch manifest @eslint/object-schema@^3.0.5
206 silly packumentCache full:https://registry.npmjs.org/@eslint%2fobject-schema cache-miss
207 silly fetch manifest @types/json-schema@^7.0.15
208 silly packumentCache full:https://registry.npmjs.org/@types%2fjson-schema cache-miss
209 silly fetch manifest @humanwhocodes/retry@^0.4.0
210 silly packumentCache full:https://registry.npmjs.org/@humanwhocodes%2fretry cache-miss
211 silly fetch manifest @humanfs/core@^0.19.2
212 silly packumentCache full:https://registry.npmjs.org/@humanfs%2fcore cache-miss
213 silly fetch manifest @humanfs/types@^0.15.0
214 silly packumentCache full:https://registry.npmjs.org/@humanfs%2ftypes cache-miss
215 silly fetch manifest uri-js@^4.2.2
216 silly packumentCache full:https://registry.npmjs.org/uri-js cache-miss
217 silly fetch manifest fast-deep-equal@^3.1.1
218 silly packumentCache full:https://registry.npmjs.org/fast-deep-equal cache-hit
219 silly fetch manifest json-schema-traverse@^0.4.1
220 silly packumentCache full:https://registry.npmjs.org/json-schema-traverse cache-miss
221 silly fetch manifest @types/esrecurse@^4.3.1
222 silly packumentCache full:https://registry.npmjs.org/@types%2fesrecurse cache-miss
223 silly fetch manifest esrecurse@^4.3.0
224 silly packumentCache full:https://registry.npmjs.org/esrecurse cache-miss
225 silly fetch manifest acorn-jsx@^5.3.2
226 silly packumentCache full:https://registry.npmjs.org/acorn-jsx cache-miss
227 silly fetch manifest flat-cache@^4.0.0
228 silly packumentCache full:https://registry.npmjs.org/flat-cache cache-miss
229 http cache https://registry.npmjs.org/@humanwhocodes%2fretry 39ms (cache hit)
230 silly packumentCache full:https://registry.npmjs.org/@humanwhocodes%2fretry set size:42348 disposed:false
231 silly fetch manifest brace-expansion@^5.0.5
232 silly packumentCache full:https://registry.npmjs.org/brace-expansion cache-miss
233 http fetch GET 200 https://registry.npmjs.org/@eslint%2fobject-schema 119ms (cache miss)
234 silly packumentCache full:https://registry.npmjs.org/@eslint%2fobject-schema set size:undefined disposed:false
235 http fetch GET 200 https://registry.npmjs.org/@types%2fjson-schema 128ms (cache miss)
236 silly packumentCache full:https://registry.npmjs.org/@types%2fjson-schema set size:undefined disposed:false
237 http fetch GET 200 https://registry.npmjs.org/acorn-jsx 122ms (cache revalidated)
238 silly packumentCache full:https://registry.npmjs.org/acorn-jsx set size:71068 disposed:false
239 http fetch GET 200 https://registry.npmjs.org/uri-js 130ms (cache revalidated)
240 silly packumentCache full:https://registry.npmjs.org/uri-js set size:42559 disposed:false
241 http fetch GET 200 https://registry.npmjs.org/esrecurse 134ms (cache revalidated)
242 silly packumentCache full:https://registry.npmjs.org/esrecurse set size:29005 disposed:false
243 http fetch GET 200 https://registry.npmjs.org/json-schema-traverse 139ms (cache revalidated)
244 silly packumentCache full:https://registry.npmjs.org/json-schema-traverse set size:23537 disposed:false
245 http fetch GET 200 https://registry.npmjs.org/brace-expansion 107ms (cache revalidated)
246 silly packumentCache full:https://registry.npmjs.org/brace-expansion set size:65768 disposed:false
247 http fetch GET 200 https://registry.npmjs.org/flat-cache 142ms (cache revalidated)
248 silly packumentCache full:https://registry.npmjs.org/flat-cache set size:169582 disposed:false
249 http fetch GET 200 https://registry.npmjs.org/@types%2fesrecurse 152ms (cache miss)
250 silly packumentCache full:https://registry.npmjs.org/@types%2fesrecurse set size:undefined disposed:false
251 http fetch GET 200 https://registry.npmjs.org/@humanfs%2fcore 160ms (cache miss)
252 silly packumentCache full:https://registry.npmjs.org/@humanfs%2fcore set size:undefined disposed:false
253 http fetch GET 200 https://registry.npmjs.org/@humanfs%2ftypes 161ms (cache miss)
254 silly packumentCache full:https://registry.npmjs.org/@humanfs%2ftypes set size:undefined disposed:false
255 silly placeDep ROOT @eslint/object-schema@3.0.5 OK for: @eslint/config-array@0.23.5 want: ^3.0.5
256 silly placeDep node_modules/@eslint/config-array minimatch@10.2.5 OK for: @eslint/config-array@0.23.5 want: ^10.2.4
257 silly placeDep ROOT @types/json-schema@7.0.15 OK for: @eslint/core@1.2.1 want: ^7.0.15
258 silly placeDep ROOT @humanfs/core@0.19.2 OK for: @humanfs/node@0.16.8 want: ^0.19.2
259 silly placeDep ROOT @humanfs/types@0.15.0 OK for: @humanfs/node@0.16.8 want: ^0.15.0
260 silly placeDep ROOT json-schema-traverse@0.4.1 OK for: ajv@6.15.0 want: ^0.4.1
261 silly placeDep ROOT uri-js@4.4.1 OK for: ajv@6.15.0 want: ^4.2.2
262 silly fetch manifest eslint@>=9.0.0
263 silly packumentCache full:https://registry.npmjs.org/eslint cache-miss
264 http cache https://registry.npmjs.org/eslint 14ms (cache hit)
265 silly packumentCache full:https://registry.npmjs.org/eslint set size:1983515 disposed:false
266 silly fetch manifest typescript@>=3.3.1
267 silly packumentCache full:https://registry.npmjs.org/typescript cache-miss
268 http cache https://registry.npmjs.org/typescript 65ms (cache hit)
269 silly packumentCache full:https://registry.npmjs.org/typescript set size:15409943 disposed:false
270 silly fetch manifest eslint@^3 || ^4 || ^5 || ^6 || ^7 || ^8 || ^9.7
271 silly packumentCache full:https://registry.npmjs.org/eslint cache-miss
272 http cache https://registry.npmjs.org/eslint 11ms (cache hit)
273 silly packumentCache full:https://registry.npmjs.org/eslint set size:1983515 disposed:false
274 silly fetch manifest eslint@^2 || ^3 || ^4 || ^5 || ^6 || ^7.2.0 || ^8 || ^9
275 silly packumentCache full:https://registry.npmjs.org/eslint cache-miss
276 http cache https://registry.npmjs.org/eslint 18ms (cache hit)
277 silly packumentCache full:https://registry.npmjs.org/eslint set size:1983515 disposed:false
278 silly fetch manifest eslint@^3 || ^4 || ^5 || ^6 || ^7 || ^8 || ^9
279 silly packumentCache full:https://registry.npmjs.org/eslint cache-miss
280 http cache https://registry.npmjs.org/eslint 11ms (cache hit)
281 silly packumentCache full:https://registry.npmjs.org/eslint set size:1983515 disposed:false
282 silly fetch manifest eslint-plugin-import-x@*
283 silly packumentCache full:https://registry.npmjs.org/eslint-plugin-import-x cache-miss
284 http fetch GET 200 https://registry.npmjs.org/eslint-plugin-import-x 81ms (cache revalidated)
285 silly packumentCache full:https://registry.npmjs.org/eslint-plugin-import-x set size:270770 disposed:false
286 silly fetch manifest @typescript-eslint/utils@^8.56.0
287 silly packumentCache full:https://registry.npmjs.org/@typescript-eslint%2futils cache-miss
288 http fetch GET 200 https://registry.npmjs.org/@typescript-eslint%2futils 128ms (cache revalidated)
289 silly packumentCache full:https://registry.npmjs.org/@typescript-eslint%2futils set size:10003756 disposed:false
290 silly fetch manifest eslint-import-resolver-node@^0.3.6
291 silly packumentCache full:https://registry.npmjs.org/eslint-import-resolver-node cache-miss
292 http fetch GET 200 https://registry.npmjs.org/eslint-import-resolver-node 77ms (cache revalidated)
293 silly packumentCache full:https://registry.npmjs.org/eslint-import-resolver-node set size:37178 disposed:false
294 silly placeDep ROOT @next/eslint-plugin-next@16.2.4 OK for: eslint-config-next@16.2.4 want: 16.2.4
295 silly placeDep node_modules/eslint-config-next eslint-import-resolver-typescript@3.10.1 CONFLICT for: eslint-config-next@16.2.4 want: ^3.5.2
296 silly placeDep node_modules/eslint-config-next eslint-plugin-import@2.32.0 CONFLICT for: eslint-config-next@16.2.4 want: ^2.32.0
297 warn ERESOLVE overriding peer dependency {
297 warn ERESOLVE   code: 'ERESOLVE',
297 warn ERESOLVE   edge: {
297 warn ERESOLVE     type: 'peer',
297 warn ERESOLVE     name: 'eslint',
297 warn ERESOLVE     spec: '^2 || ^3 || ^4 || ^5 || ^6 || ^7.2.0 || ^8 || ^9',
297 warn ERESOLVE     error: 'INVALID',
297 warn ERESOLVE     from: {
297 warn ERESOLVE       name: 'eslint-plugin-import',
297 warn ERESOLVE       version: '2.32.0',
297 warn ERESOLVE       location: 'node_modules/eslint-config-next/node_modules/eslint-plugin-import',
297 warn ERESOLVE       isWorkspace: false,
297 warn ERESOLVE       dependents: [Array]
297 warn ERESOLVE     }
297 warn ERESOLVE   },
297 warn ERESOLVE   dep: {
297 warn ERESOLVE     name: 'eslint',
297 warn ERESOLVE     version: '9.39.4',
297 warn ERESOLVE     whileInstalling: {
297 warn ERESOLVE       name: 'eslint-config-next',
297 warn ERESOLVE       version: '16.2.4',
297 warn ERESOLVE       path: 'S:\\Clouthes WEB\\node_modules\\eslint-config-next'
297 warn ERESOLVE     },
297 warn ERESOLVE     location: 'node_modules/eslint',
297 warn ERESOLVE     isWorkspace: false,
297 warn ERESOLVE     dependents: [ [Object] ]
297 warn ERESOLVE   },
297 warn ERESOLVE   force: false,
297 warn ERESOLVE   isMine: false,
297 warn ERESOLVE   strictPeerDeps: false,
297 warn ERESOLVE   current: {
297 warn ERESOLVE     name: 'eslint',
297 warn ERESOLVE     version: '10.2.1',
297 warn ERESOLVE     location: 'node_modules/eslint',
297 warn ERESOLVE     isWorkspace: false,
297 warn ERESOLVE     dependents: [ [Object] ]
297 warn ERESOLVE   },
297 warn ERESOLVE   peerConflict: {
297 warn ERESOLVE     name: 'eslint',
297 warn ERESOLVE     version: '10.2.1',
297 warn ERESOLVE     location: 'node_modules/eslint',
297 warn ERESOLVE     isWorkspace: false,
297 warn ERESOLVE     dependents: [ [Object] ]
297 warn ERESOLVE   }
297 warn ERESOLVE }
298 silly placeDep node_modules/eslint-config-next eslint-plugin-jsx-a11y@6.10.2 CONFLICT for: eslint-config-next@16.2.4 want: ^6.10.0
299 warn ERESOLVE overriding peer dependency {
299 warn ERESOLVE   code: 'ERESOLVE',
299 warn ERESOLVE   edge: {
299 warn ERESOLVE     type: 'peer',
299 warn ERESOLVE     name: 'eslint',
299 warn ERESOLVE     spec: '^3 || ^4 || ^5 || ^6 || ^7 || ^8 || ^9',
299 warn ERESOLVE     error: 'INVALID',
299 warn ERESOLVE     from: {
299 warn ERESOLVE       name: 'eslint-plugin-jsx-a11y',
299 warn ERESOLVE       version: '6.10.2',
299 warn ERESOLVE       location: 'node_modules/eslint-config-next/node_modules/eslint-plugin-jsx-a11y',
299 warn ERESOLVE       isWorkspace: false,
299 warn ERESOLVE       dependents: [Array]
299 warn ERESOLVE     }
299 warn ERESOLVE   },
299 warn ERESOLVE   dep: {
299 warn ERESOLVE     name: 'eslint',
299 warn ERESOLVE     version: '9.39.4',
299 warn ERESOLVE     whileInstalling: {
299 warn ERESOLVE       name: 'eslint-config-next',
299 warn ERESOLVE       version: '16.2.4',
299 warn ERESOLVE       path: 'S:\\Clouthes WEB\\node_modules\\eslint-config-next'
299 warn ERESOLVE     },
299 warn ERESOLVE     location: 'node_modules/eslint',
299 warn ERESOLVE     isWorkspace: false,
299 warn ERESOLVE     dependents: [ [Object] ]
299 warn ERESOLVE   },
299 warn ERESOLVE   force: false,
299 warn ERESOLVE   isMine: false,
299 warn ERESOLVE   strictPeerDeps: false,
299 warn ERESOLVE   current: {
299 warn ERESOLVE     name: 'eslint',
299 warn ERESOLVE     version: '10.2.1',
299 warn ERESOLVE     location: 'node_modules/eslint',
299 warn ERESOLVE     isWorkspace: false,
299 warn ERESOLVE     dependents: [ [Object] ]
299 warn ERESOLVE   },
299 warn ERESOLVE   peerConflict: {
299 warn ERESOLVE     name: 'eslint',
299 warn ERESOLVE     version: '10.2.1',
299 warn ERESOLVE     location: 'node_modules/eslint',
299 warn ERESOLVE     isWorkspace: false,
299 warn ERESOLVE     dependents: [ [Object] ]
299 warn ERESOLVE   }
299 warn ERESOLVE }
300 silly placeDep node_modules/eslint-config-next eslint-plugin-react@7.37.5 CONFLICT for: eslint-config-next@16.2.4 want: ^7.37.0
301 warn ERESOLVE overriding peer dependency {
301 warn ERESOLVE   code: 'ERESOLVE',
301 warn ERESOLVE   edge: {
301 warn ERESOLVE     type: 'peer',
301 warn ERESOLVE     name: 'eslint',
301 warn ERESOLVE     spec: '^3 || ^4 || ^5 || ^6 || ^7 || ^8 || ^9.7',
301 warn ERESOLVE     error: 'INVALID',
301 warn ERESOLVE     from: {
301 warn ERESOLVE       name: 'eslint-plugin-react',
301 warn ERESOLVE       version: '7.37.5',
301 warn ERESOLVE       location: 'node_modules/eslint-config-next/node_modules/eslint-plugin-react',
301 warn ERESOLVE       isWorkspace: false,
301 warn ERESOLVE       dependents: [Array]
301 warn ERESOLVE     }
301 warn ERESOLVE   },
301 warn ERESOLVE   dep: {
301 warn ERESOLVE     name: 'eslint',
301 warn ERESOLVE     version: '9.39.4',
301 warn ERESOLVE     whileInstalling: {
301 warn ERESOLVE       name: 'eslint-config-next',
301 warn ERESOLVE       version: '16.2.4',
301 warn ERESOLVE       path: 'S:\\Clouthes WEB\\node_modules\\eslint-config-next'
301 warn ERESOLVE     },
301 warn ERESOLVE     location: 'node_modules/eslint',
301 warn ERESOLVE     isWorkspace: false,
301 warn ERESOLVE     dependents: [ [Object] ]
301 warn ERESOLVE   },
301 warn ERESOLVE   force: false,
301 warn ERESOLVE   isMine: false,
301 warn ERESOLVE   strictPeerDeps: false,
301 warn ERESOLVE   current: {
301 warn ERESOLVE     name: 'eslint',
301 warn ERESOLVE     version: '10.2.1',
301 warn ERESOLVE     location: 'node_modules/eslint',
301 warn ERESOLVE     isWorkspace: false,
301 warn ERESOLVE     dependents: [ [Object] ]
301 warn ERESOLVE   },
301 warn ERESOLVE   peerConflict: {
301 warn ERESOLVE     name: 'eslint',
301 warn ERESOLVE     version: '10.2.1',
301 warn ERESOLVE     location: 'node_modules/eslint',
301 warn ERESOLVE     isWorkspace: false,
301 warn ERESOLVE     dependents: [ [Object] ]
301 warn ERESOLVE   }
301 warn ERESOLVE }
302 silly placeDep ROOT eslint-plugin-react-hooks@7.1.1 OK for: eslint-config-next@16.2.4 want: ^7.0.0
303 silly placeDep ROOT globals@16.4.0 OK for: eslint-config-next@16.2.4 want: 16.4.0
304 silly placeDep ROOT typescript-eslint@8.59.0 OK for: eslint-config-next@16.2.4 want: ^8.46.0
305 silly fetch manifest fast-glob@3.3.1
306 silly packumentCache full:https://registry.npmjs.org/fast-glob cache-miss
307 silly fetch manifest stable-hash@^0.0.5
308 silly packumentCache full:https://registry.npmjs.org/stable-hash cache-miss
309 silly fetch manifest get-tsconfig@^4.10.0
310 silly packumentCache full:https://registry.npmjs.org/get-tsconfig cache-miss
311 silly fetch manifest is-bun-module@^2.0.0
312 silly packumentCache full:https://registry.npmjs.org/is-bun-module cache-miss
313 silly fetch manifest unrs-resolver@^1.6.2
314 silly packumentCache full:https://registry.npmjs.org/unrs-resolver cache-miss
315 silly fetch manifest @nolyfill/is-core-module@1.0.39
316 silly packumentCache full:https://registry.npmjs.org/@nolyfill%2fis-core-module cache-miss
317 silly fetch manifest @rtsao/scc@^1.1.0
318 silly packumentCache full:https://registry.npmjs.org/@rtsao%2fscc cache-miss
319 silly fetch manifest array.prototype.findlastindex@^1.2.6
320 silly packumentCache full:https://registry.npmjs.org/array.prototype.findlastindex cache-miss
321 silly fetch manifest debug@^3.2.7
322 silly packumentCache full:https://registry.npmjs.org/debug cache-miss
323 silly fetch manifest doctrine@^2.1.0
324 silly packumentCache full:https://registry.npmjs.org/doctrine cache-miss
325 silly fetch manifest eslint-module-utils@^2.12.1
326 silly packumentCache full:https://registry.npmjs.org/eslint-module-utils cache-miss
327 http fetch GET 200 https://registry.npmjs.org/fast-glob 98ms (cache revalidated)
328 silly packumentCache full:https://registry.npmjs.org/fast-glob set size:220556 disposed:false
329 silly fetch manifest object.groupby@^1.0.3
330 silly packumentCache full:https://registry.npmjs.org/object.groupby cache-miss
331 http fetch GET 200 https://registry.npmjs.org/stable-hash 106ms (cache revalidated)
332 silly packumentCache full:https://registry.npmjs.org/stable-hash set size:18359 disposed:false
333 silly fetch manifest semver@^6.3.1
334 silly packumentCache full:https://registry.npmjs.org/semver cache-miss
335 http fetch GET 200 https://registry.npmjs.org/is-bun-module 113ms (cache revalidated)
336 silly packumentCache full:https://registry.npmjs.org/is-bun-module set size:19768 disposed:false
337 silly fetch manifest tsconfig-paths@^3.15.0
338 silly packumentCache full:https://registry.npmjs.org/tsconfig-paths cache-miss
339 http fetch GET 200 https://registry.npmjs.org/unrs-resolver 118ms (cache revalidated)
340 silly packumentCache full:https://registry.npmjs.org/unrs-resolver set size:142730 disposed:false
341 silly fetch manifest aria-query@^5.3.2
342 silly packumentCache full:https://registry.npmjs.org/aria-query cache-miss
343 http fetch GET 200 https://registry.npmjs.org/array.prototype.findlastindex 133ms (cache revalidated)
344 silly packumentCache full:https://registry.npmjs.org/array.prototype.findlastindex set size:44828 disposed:false
345 silly fetch manifest ast-types-flow@^0.0.8
346 silly packumentCache full:https://registry.npmjs.org/ast-types-flow cache-miss
347 http fetch GET 200 https://registry.npmjs.org/get-tsconfig 141ms (cache revalidated)
348 silly packumentCache full:https://registry.npmjs.org/get-tsconfig set size:125877 disposed:false
349 silly fetch manifest axe-core@^4.10.0
350 silly packumentCache full:https://registry.npmjs.org/axe-core cache-miss
351 http fetch GET 200 https://registry.npmjs.org/debug 141ms (cache revalidated)
352 silly packumentCache full:https://registry.npmjs.org/debug set size:195840 disposed:false
353 silly fetch manifest axobject-query@^4.1.0
354 silly packumentCache full:https://registry.npmjs.org/axobject-query cache-miss
355 http fetch GET 200 https://registry.npmjs.org/eslint-module-utils 146ms (cache revalidated)
356 silly packumentCache full:https://registry.npmjs.org/eslint-module-utils set size:77496 disposed:false
357 silly fetch manifest damerau-levenshtein@^1.0.8
358 silly packumentCache full:https://registry.npmjs.org/damerau-levenshtein cache-miss
359 http fetch GET 200 https://registry.npmjs.org/doctrine 151ms (cache revalidated)
360 silly packumentCache full:https://registry.npmjs.org/doctrine set size:64052 disposed:false
361 silly fetch manifest emoji-regex@^9.2.2
362 silly packumentCache full:https://registry.npmjs.org/emoji-regex cache-miss
363 http fetch GET 200 https://registry.npmjs.org/@rtsao%2fscc 156ms (cache revalidated)
364 silly packumentCache full:https://registry.npmjs.org/@rtsao%2fscc set size:6332 disposed:false
365 silly fetch manifest language-tags@^1.0.9
366 silly packumentCache full:https://registry.npmjs.org/language-tags cache-miss
367 http fetch GET 200 https://registry.npmjs.org/@nolyfill%2fis-core-module 160ms (cache revalidated)
368 silly packumentCache full:https://registry.npmjs.org/@nolyfill%2fis-core-module set size:10461 disposed:false
369 silly fetch manifest string.prototype.includes@^2.0.1
370 silly packumentCache full:https://registry.npmjs.org/string.prototype.includes cache-miss
371 http fetch GET 200 https://registry.npmjs.org/object.groupby 99ms (cache revalidated)
372 silly packumentCache full:https://registry.npmjs.org/object.groupby set size:15504 disposed:false
373 silly fetch manifest array.prototype.findlast@^1.2.5
374 silly packumentCache full:https://registry.npmjs.org/array.prototype.findlast cache-miss
375 http fetch GET 200 https://registry.npmjs.org/semver 129ms (cache revalidated)
376 silly packumentCache full:https://registry.npmjs.org/semver set size:229571 disposed:false
377 silly fetch manifest array.prototype.tosorted@^1.1.4
378 silly packumentCache full:https://registry.npmjs.org/array.prototype.tosorted cache-miss
379 http fetch GET 200 https://registry.npmjs.org/tsconfig-paths 132ms (cache revalidated)
380 silly packumentCache full:https://registry.npmjs.org/tsconfig-paths set size:192565 disposed:false
381 silly fetch manifest es-iterator-helpers@^1.2.1
382 silly packumentCache full:https://registry.npmjs.org/es-iterator-helpers cache-miss
383 http fetch GET 200 https://registry.npmjs.org/aria-query 141ms (cache revalidated)
384 silly packumentCache full:https://registry.npmjs.org/aria-query set size:98864 disposed:false
385 silly fetch manifest string.prototype.matchall@^4.0.12
386 silly packumentCache full:https://registry.npmjs.org/string.prototype.matchall cache-miss
387 http fetch GET 200 https://registry.npmjs.org/ast-types-flow 131ms (cache revalidated)
388 silly packumentCache full:https://registry.npmjs.org/ast-types-flow set size:15144 disposed:false
389 silly fetch manifest string.prototype.repeat@^1.0.0
390 silly packumentCache full:https://registry.npmjs.org/string.prototype.repeat cache-miss
391 http fetch GET 200 https://registry.npmjs.org/axe-core 150ms (cache revalidated)
392 silly packumentCache full:https://registry.npmjs.org/axe-core set size:9287580 disposed:false
393 silly fetch manifest hermes-parser@^0.25.1
394 silly packumentCache full:https://registry.npmjs.org/hermes-parser cache-miss
395 http fetch GET 200 https://registry.npmjs.org/axobject-query 223ms (cache revalidated)
396 silly packumentCache full:https://registry.npmjs.org/axobject-query set size:75032 disposed:false
397 silly fetch manifest zod-validation-error@^3.5.0 || ^4.0.0
398 silly packumentCache full:https://registry.npmjs.org/zod-validation-error cache-miss
399 http fetch GET 200 https://registry.npmjs.org/emoji-regex 226ms (cache revalidated)
400 silly packumentCache full:https://registry.npmjs.org/emoji-regex set size:89064 disposed:false
401 silly fetch manifest @typescript-eslint/utils@8.59.0
402 silly packumentCache full:https://registry.npmjs.org/@typescript-eslint%2futils cache-miss
403 http fetch GET 200 https://registry.npmjs.org/language-tags 229ms (cache revalidated)
404 silly packumentCache full:https://registry.npmjs.org/language-tags set size:38675 disposed:false
405 silly fetch manifest @typescript-eslint/parser@8.59.0
406 silly packumentCache full:https://registry.npmjs.org/@typescript-eslint%2fparser cache-miss
407 http fetch GET 200 https://registry.npmjs.org/damerau-levenshtein 237ms (cache revalidated)
408 silly packumentCache full:https://registry.npmjs.org/damerau-levenshtein set size:23390 disposed:false
409 silly fetch manifest @typescript-eslint/eslint-plugin@8.59.0
410 silly packumentCache full:https://registry.npmjs.org/@typescript-eslint%2feslint-plugin cache-miss
411 http fetch GET 200 https://registry.npmjs.org/string.prototype.includes 231ms (cache revalidated)
412 silly packumentCache full:https://registry.npmjs.org/string.prototype.includes set size:10217 disposed:false
413 silly fetch manifest @typescript-eslint/typescript-estree@8.59.0
414 silly packumentCache full:https://registry.npmjs.org/@typescript-eslint%2ftypescript-estree cache-miss
415 http fetch GET 200 https://registry.npmjs.org/array.prototype.findlast 197ms (cache revalidated)
416 silly packumentCache full:https://registry.npmjs.org/array.prototype.findlast set size:40323 disposed:false
417 http fetch GET 200 https://registry.npmjs.org/array.prototype.tosorted 158ms (cache revalidated)
418 silly packumentCache full:https://registry.npmjs.org/array.prototype.tosorted set size:24661 disposed:false
419 http cache https://registry.npmjs.org/@typescript-eslint%2futils 62ms (cache hit)
420 silly packumentCache full:https://registry.npmjs.org/@typescript-eslint%2futils set size:10003756 disposed:false
421 http fetch GET 200 https://registry.npmjs.org/string.prototype.repeat 314ms (cache revalidated)
422 silly packumentCache full:https://registry.npmjs.org/string.prototype.repeat set size:8608 disposed:false
423 http fetch GET 200 https://registry.npmjs.org/es-iterator-helpers 335ms (cache revalidated)
424 silly packumentCache full:https://registry.npmjs.org/es-iterator-helpers set size:258484 disposed:false
425 http fetch GET 200 https://registry.npmjs.org/@typescript-eslint%2ftypescript-estree 248ms (cache revalidated)
426 silly packumentCache full:https://registry.npmjs.org/@typescript-eslint%2ftypescript-estree set size:16250128 disposed:false
427 http fetch GET 200 https://registry.npmjs.org/@typescript-eslint%2feslint-plugin 451ms (cache revalidated)
428 silly packumentCache full:https://registry.npmjs.org/@typescript-eslint%2feslint-plugin set size:17757641 disposed:false
429 http fetch GET 200 https://registry.npmjs.org/zod-validation-error 635ms (cache miss)
430 silly packumentCache full:https://registry.npmjs.org/zod-validation-error set size:undefined disposed:false
431 http fetch GET 200 https://registry.npmjs.org/@typescript-eslint%2fparser 654ms (cache revalidated)
432 silly packumentCache full:https://registry.npmjs.org/@typescript-eslint%2fparser set size:15062748 disposed:false
433 http fetch GET 200 https://registry.npmjs.org/string.prototype.matchall 885ms (cache revalidated)
434 silly packumentCache full:https://registry.npmjs.org/string.prototype.matchall set size:63239 disposed:false
435 http fetch GET 200 https://registry.npmjs.org/hermes-parser 19304ms (cache miss)
436 silly packumentCache full:https://registry.npmjs.org/hermes-parser set size:undefined disposed:false
437 silly placeDep ROOT fast-glob@3.3.1 OK for: @next/eslint-plugin-next@16.2.4 want: 3.3.1
438 silly fetch manifest glob-parent@^5.1.2
439 silly packumentCache full:https://registry.npmjs.org/glob-parent cache-miss
440 http fetch GET 200 https://registry.npmjs.org/glob-parent 93ms (cache revalidated)
441 silly packumentCache full:https://registry.npmjs.org/glob-parent set size:42445 disposed:false
442 silly fetch manifest zod@^3.25.0 || ^4.0.0
443 silly packumentCache full:https://registry.npmjs.org/zod cache-miss
444 http fetch GET 200 https://registry.npmjs.org/zod 463ms (cache revalidated)
445 silly packumentCache full:https://registry.npmjs.org/zod set size:3489329 disposed:false
446 silly placeDep ROOT hermes-parser@0.25.1 OK for: eslint-plugin-react-hooks@7.1.1 want: ^0.25.1
447 silly placeDep ROOT zod-validation-error@4.0.2 OK for: eslint-plugin-react-hooks@7.1.1 want: ^3.5.0 || ^4.0.0
448 silly fetch manifest hermes-estree@0.25.1
449 silly packumentCache full:https://registry.npmjs.org/hermes-estree cache-miss
450 http fetch GET 200 https://registry.npmjs.org/hermes-estree 326ms (cache miss)
451 silly packumentCache full:https://registry.npmjs.org/hermes-estree set size:undefined disposed:false
452 silly placeDep ROOT @types/esrecurse@4.3.1 OK for: eslint-scope@9.1.2 want: ^4.3.1
453 silly placeDep ROOT esrecurse@4.3.0 OK for: eslint-scope@9.1.2 want: ^4.3.0
454 silly fetch manifest acorn@^8.16.0
455 silly packumentCache full:https://registry.npmjs.org/acorn cache-miss
456 http fetch GET 200 https://registry.npmjs.org/acorn 265ms (cache revalidated)
457 silly packumentCache full:https://registry.npmjs.org/acorn set size:379626 disposed:false
458 silly placeDep ROOT acorn-jsx@5.3.2 OK for: espree@11.2.0 want: ^5.3.2
459 silly placeDep node_modules/espree eslint-visitor-keys@5.0.1 OK for: espree@11.2.0 want: ^5.0.1
460 silly placeDep node_modules/fast-glob glob-parent@5.1.2 OK for: fast-glob@3.3.1 want: ^5.1.2
461 silly placeDep ROOT flat-cache@4.0.1 OK for: file-entry-cache@8.0.0 want: ^4.0.0
462 silly fetch manifest keyv@^4.5.4
463 silly packumentCache full:https://registry.npmjs.org/keyv cache-miss
464 silly fetch manifest flatted@^3.2.9
465 silly packumentCache full:https://registry.npmjs.org/flatted cache-miss
466 http fetch GET 200 https://registry.npmjs.org/flatted 99ms (cache revalidated)
467 silly packumentCache full:https://registry.npmjs.org/flatted set size:137347 disposed:false
468 http fetch GET 200 https://registry.npmjs.org/keyv 104ms (cache revalidated)
469 silly packumentCache full:https://registry.npmjs.org/keyv set size:215840 disposed:false
470 silly placeDep ROOT flatted@3.4.2 OK for: flat-cache@4.0.1 want: ^3.2.9
471 silly placeDep ROOT keyv@4.5.4 OK for: flat-cache@4.0.1 want: ^4.5.4
472 silly fetch manifest json-buffer@3.0.1
473 silly packumentCache full:https://registry.npmjs.org/json-buffer cache-miss
474 http fetch GET 200 https://registry.npmjs.org/json-buffer 259ms (cache revalidated)
475 silly packumentCache full:https://registry.npmjs.org/json-buffer set size:23474 disposed:false
476 silly placeDep ROOT hermes-estree@0.25.1 OK for: hermes-parser@0.25.1 want: 0.25.1
477 silly placeDep ROOT json-buffer@3.0.1 OK for: keyv@4.5.4 want: 3.0.1
478 silly placeDep ROOT @next/env@16.2.4 OK for: next@16.2.4 want: 16.2.4
479 silly placeDep ROOT @next/swc-darwin-arm64@16.2.4 OK for: next@16.2.4 want: 16.2.4
480 silly placeDep ROOT @next/swc-darwin-x64@16.2.4 OK for: next@16.2.4 want: 16.2.4
481 silly placeDep ROOT @next/swc-linux-arm64-gnu@16.2.4 OK for: next@16.2.4 want: 16.2.4
482 silly placeDep ROOT @next/swc-linux-arm64-musl@16.2.4 OK for: next@16.2.4 want: 16.2.4
483 silly placeDep ROOT @next/swc-linux-x64-gnu@16.2.4 OK for: next@16.2.4 want: 16.2.4
484 silly placeDep ROOT @next/swc-linux-x64-musl@16.2.4 OK for: next@16.2.4 want: 16.2.4
485 silly placeDep ROOT @next/swc-win32-arm64-msvc@16.2.4 OK for: next@16.2.4 want: 16.2.4
486 silly placeDep ROOT @next/swc-win32-x64-msvc@16.2.4 OK for: next@16.2.4 want: 16.2.4
487 silly fetch manifest eslint@^8.57.0 || ^9.0.0 || ^10.0.0
488 silly packumentCache full:https://registry.npmjs.org/eslint cache-miss
489 http cache https://registry.npmjs.org/eslint 12ms (cache hit)
490 silly packumentCache full:https://registry.npmjs.org/eslint set size:1983515 disposed:false
491 silly fetch manifest typescript@>=4.8.4 <6.1.0
492 silly packumentCache full:https://registry.npmjs.org/typescript cache-miss
493 http cache https://registry.npmjs.org/typescript 50ms (cache hit)
494 silly packumentCache full:https://registry.npmjs.org/typescript set size:15409943 disposed:false
495 silly placeDep ROOT @typescript-eslint/eslint-plugin@8.59.0 OK for: typescript-eslint@8.59.0 want: 8.59.0
496 silly placeDep ROOT @typescript-eslint/parser@8.59.0 OK for: @typescript-eslint/eslint-plugin@8.59.0 want: ^8.59.0
497 silly placeDep ROOT @typescript-eslint/typescript-estree@8.59.0 OK for: typescript-eslint@8.59.0 want: 8.59.0
498 silly placeDep ROOT @typescript-eslint/utils@8.59.0 OK for: typescript-eslint@8.59.0 want: 8.59.0
499 silly fetch manifest ignore@^7.0.5
500 silly packumentCache full:https://registry.npmjs.org/ignore cache-hit
501 silly fetch manifest ts-api-utils@^2.5.0
502 silly packumentCache full:https://registry.npmjs.org/ts-api-utils cache-miss
503 silly fetch manifest @typescript-eslint/type-utils@8.59.0
504 silly packumentCache full:https://registry.npmjs.org/@typescript-eslint%2ftype-utils cache-miss
505 silly fetch manifest @typescript-eslint/visitor-keys@8.59.0
506 silly packumentCache full:https://registry.npmjs.org/@typescript-eslint%2fvisitor-keys cache-miss
507 silly fetch manifest @typescript-eslint/scope-manager@8.59.0
508 silly packumentCache full:https://registry.npmjs.org/@typescript-eslint%2fscope-manager cache-miss
509 silly fetch manifest @typescript-eslint/types@8.59.0
510 silly packumentCache full:https://registry.npmjs.org/@typescript-eslint%2ftypes cache-miss
511 silly fetch manifest @typescript-eslint/visitor-keys@8.59.0
512 silly packumentCache full:https://registry.npmjs.org/@typescript-eslint%2fvisitor-keys cache-miss
513 silly fetch manifest @typescript-eslint/scope-manager@8.59.0
514 silly packumentCache full:https://registry.npmjs.org/@typescript-eslint%2fscope-manager cache-miss
515 silly fetch manifest minimatch@^10.2.2
516 silly packumentCache full:https://registry.npmjs.org/minimatch cache-hit
517 silly fetch manifest ts-api-utils@^2.5.0
518 silly packumentCache full:https://registry.npmjs.org/ts-api-utils cache-miss
519 silly fetch manifest @typescript-eslint/types@8.59.0
520 silly packumentCache full:https://registry.npmjs.org/@typescript-eslint%2ftypes cache-miss
521 silly fetch manifest @typescript-eslint/visitor-keys@8.59.0
522 silly packumentCache full:https://registry.npmjs.org/@typescript-eslint%2fvisitor-keys cache-miss
523 silly fetch manifest @typescript-eslint/tsconfig-utils@8.59.0
524 silly packumentCache full:https://registry.npmjs.org/@typescript-eslint%2ftsconfig-utils cache-miss
525 http fetch GET 200 https://registry.npmjs.org/ts-api-utils 144ms (cache revalidated)
526 silly packumentCache full:https://registry.npmjs.org/ts-api-utils set size:226785 disposed:false
527 silly fetch manifest @typescript-eslint/project-service@8.59.0
528 silly packumentCache full:https://registry.npmjs.org/@typescript-eslint%2fproject-service cache-miss
529 http fetch GET 200 https://registry.npmjs.org/ts-api-utils 147ms (cache revalidated)
530 silly packumentCache full:https://registry.npmjs.org/ts-api-utils set size:226785 disposed:false
531 silly packumentCache full:https://registry.npmjs.org/ts-api-utils dispose
532 silly fetch manifest @typescript-eslint/types@8.59.0
533 silly packumentCache full:https://registry.npmjs.org/@typescript-eslint%2ftypes cache-miss
534 http fetch GET 200 https://registry.npmjs.org/@typescript-eslint%2ftype-utils 193ms (cache revalidated)
535 silly packumentCache full:https://registry.npmjs.org/@typescript-eslint%2ftype-utils set size:9183940 disposed:false
536 silly fetch manifest @typescript-eslint/scope-manager@8.59.0
537 silly packumentCache full:https://registry.npmjs.org/@typescript-eslint%2fscope-manager cache-miss
538 http fetch GET 200 https://registry.npmjs.org/@typescript-eslint%2fscope-manager 276ms (cache revalidated)
539 silly packumentCache full:https://registry.npmjs.org/@typescript-eslint%2fscope-manager set size:12307302 disposed:false
540 http fetch GET 200 https://registry.npmjs.org/@typescript-eslint%2ftypes 375ms (cache revalidated)
541 silly packumentCache full:https://registry.npmjs.org/@typescript-eslint%2ftypes set size:12117102 disposed:false
542 http fetch GET 200 https://registry.npmjs.org/@typescript-eslint%2ftsconfig-utils 505ms (cache revalidated)
543 silly packumentCache full:https://registry.npmjs.org/@typescript-eslint%2ftsconfig-utils set size:1130125 disposed:false
544 http fetch GET 200 https://registry.npmjs.org/@typescript-eslint%2fscope-manager 546ms (cache revalidated)
545 silly packumentCache full:https://registry.npmjs.org/@typescript-eslint%2fscope-manager set size:12307302 disposed:false
546 http fetch GET 200 https://registry.npmjs.org/@typescript-eslint%2ftypes 689ms (cache revalidated)
547 silly packumentCache full:https://registry.npmjs.org/@typescript-eslint%2ftypes set size:12117102 disposed:false
548 http fetch GET 200 https://registry.npmjs.org/@typescript-eslint%2fvisitor-keys 791ms (cache revalidated)
549 silly packumentCache full:https://registry.npmjs.org/@typescript-eslint%2fvisitor-keys set size:11720692 disposed:false
550 http fetch GET 200 https://registry.npmjs.org/@typescript-eslint%2fvisitor-keys 881ms (cache revalidated)
551 silly packumentCache full:https://registry.npmjs.org/@typescript-eslint%2fvisitor-keys set size:11720692 disposed:false
552 http fetch GET 200 https://registry.npmjs.org/@typescript-eslint%2fproject-service 805ms (cache revalidated)
553 silly packumentCache full:https://registry.npmjs.org/@typescript-eslint%2fproject-service set size:1200340 disposed:false
554 http fetch GET 200 https://registry.npmjs.org/@typescript-eslint%2fvisitor-keys 980ms (cache revalidated)
555 silly packumentCache full:https://registry.npmjs.org/@typescript-eslint%2fvisitor-keys set size:11720692 disposed:false
556 http fetch GET 200 https://registry.npmjs.org/@typescript-eslint%2ftypes 964ms (cache revalidated)
557 silly packumentCache full:https://registry.npmjs.org/@typescript-eslint%2ftypes set size:12117102 disposed:false
558 http cache https://registry.npmjs.org/@typescript-eslint%2fscope-manager 1054ms (cache hit)
559 silly packumentCache full:https://registry.npmjs.org/@typescript-eslint%2fscope-manager set size:12307302 disposed:false
560 silly placeDep ROOT @typescript-eslint/scope-manager@8.59.0 OK for: @typescript-eslint/eslint-plugin@8.59.0 want: 8.59.0
561 silly placeDep ROOT @typescript-eslint/type-utils@8.59.0 OK for: @typescript-eslint/eslint-plugin@8.59.0 want: 8.59.0
562 silly placeDep ROOT @typescript-eslint/visitor-keys@8.59.0 OK for: @typescript-eslint/eslint-plugin@8.59.0 want: 8.59.0
563 silly placeDep node_modules/@typescript-eslint/eslint-plugin ignore@7.0.5 OK for: @typescript-eslint/eslint-plugin@8.59.0 want: ^7.0.5
564 silly placeDep ROOT ts-api-utils@2.5.0 OK for: @typescript-eslint/eslint-plugin@8.59.0 want: ^2.5.0
565 silly fetch manifest eslint-visitor-keys@^5.0.0
566 silly packumentCache full:https://registry.npmjs.org/eslint-visitor-keys cache-hit
567 silly placeDep ROOT @typescript-eslint/types@8.59.0 OK for: @typescript-eslint/parser@8.59.0 want: 8.59.0
568 silly placeDep ROOT @typescript-eslint/project-service@8.59.0 OK for: @typescript-eslint/typescript-estree@8.59.0 want: 8.59.0
569 silly placeDep ROOT @typescript-eslint/tsconfig-utils@8.59.0 OK for: @typescript-eslint/typescript-estree@8.59.0 want: 8.59.0
570 silly placeDep node_modules/@typescript-eslint/typescript-estree minimatch@10.2.5 OK for: @typescript-eslint/typescript-estree@8.59.0 want: ^10.2.2
571 silly fetch manifest @typescript-eslint/tsconfig-utils@^8.59.0
572 silly packumentCache full:https://registry.npmjs.org/@typescript-eslint%2ftsconfig-utils cache-miss
573 http cache https://registry.npmjs.org/@typescript-eslint%2ftsconfig-utils 10ms (cache hit)
574 silly packumentCache full:https://registry.npmjs.org/@typescript-eslint%2ftsconfig-utils set size:1130125 disposed:false
575 silly placeDep node_modules/@typescript-eslint/visitor-keys eslint-visitor-keys@5.0.1 OK for: @typescript-eslint/visitor-keys@8.59.0 want: ^5.0.0
576 silly placeDep node_modules/@eslint/config-array brace-expansion@5.0.5 OK for: minimatch@10.2.5 want: ^5.0.5
577 silly fetch manifest balanced-match@^4.0.2
578 silly packumentCache full:https://registry.npmjs.org/balanced-match cache-miss
579 http fetch GET 200 https://registry.npmjs.org/balanced-match 102ms (cache revalidated)
580 silly packumentCache full:https://registry.npmjs.org/balanced-match set size:39082 disposed:false
581 silly placeDep node_modules/@eslint/config-array balanced-match@4.0.4 OK for: brace-expansion@5.0.5 want: ^4.0.2
582 silly placeDep node_modules/@typescript-eslint/typescript-estree brace-expansion@5.0.5 OK for: minimatch@10.2.5 want: ^5.0.5
583 silly placeDep node_modules/@typescript-eslint/typescript-estree balanced-match@4.0.4 OK for: brace-expansion@5.0.5 want: ^4.0.2
584 silly placeDep ROOT @nolyfill/is-core-module@1.0.39 OK for: eslint-import-resolver-typescript@3.10.1 want: 1.0.39
585 silly placeDep ROOT get-tsconfig@4.14.0 OK for: eslint-import-resolver-typescript@3.10.1 want: ^4.10.0
586 silly placeDep ROOT is-bun-module@2.0.0 OK for: eslint-import-resolver-typescript@3.10.1 want: ^2.0.0
587 silly placeDep ROOT stable-hash@0.0.5 OK for: eslint-import-resolver-typescript@3.10.1 want: ^0.0.5
588 silly placeDep ROOT unrs-resolver@1.11.1 OK for: eslint-import-resolver-typescript@3.10.1 want: ^1.6.2
589 silly fetch manifest resolve-pkg-maps@^1.0.0
590 silly packumentCache full:https://registry.npmjs.org/resolve-pkg-maps cache-miss
591 silly fetch manifest napi-postinstall@^0.3.0
592 silly packumentCache full:https://registry.npmjs.org/napi-postinstall cache-miss
593 silly fetch manifest @unrs/resolver-binding-win32-x64-msvc@1.11.1
594 silly packumentCache full:https://registry.npmjs.org/@unrs%2fresolver-binding-win32-x64-msvc cache-miss
595 silly fetch manifest @unrs/resolver-binding-win32-arm64-msvc@1.11.1
596 silly packumentCache full:https://registry.npmjs.org/@unrs%2fresolver-binding-win32-arm64-msvc cache-miss
597 silly fetch manifest @unrs/resolver-binding-win32-ia32-msvc@1.11.1
598 silly packumentCache full:https://registry.npmjs.org/@unrs%2fresolver-binding-win32-ia32-msvc cache-miss
599 silly fetch manifest @unrs/resolver-binding-linux-x64-gnu@1.11.1
600 silly packumentCache full:https://registry.npmjs.org/@unrs%2fresolver-binding-linux-x64-gnu cache-miss
601 silly fetch manifest @unrs/resolver-binding-linux-x64-musl@1.11.1
602 silly packumentCache full:https://registry.npmjs.org/@unrs%2fresolver-binding-linux-x64-musl cache-miss
603 silly fetch manifest @unrs/resolver-binding-freebsd-x64@1.11.1
604 silly packumentCache full:https://registry.npmjs.org/@unrs%2fresolver-binding-freebsd-x64 cache-miss
605 silly fetch manifest @unrs/resolver-binding-android-arm64@1.11.1
606 silly packumentCache full:https://registry.npmjs.org/@unrs%2fresolver-binding-android-arm64 cache-miss
607 silly fetch manifest @unrs/resolver-binding-linux-arm64-gnu@1.11.1
608 silly packumentCache full:https://registry.npmjs.org/@unrs%2fresolver-binding-linux-arm64-gnu cache-miss
609 silly fetch manifest @unrs/resolver-binding-linux-arm64-musl@1.11.1
610 silly packumentCache full:https://registry.npmjs.org/@unrs%2fresolver-binding-linux-arm64-musl cache-miss
611 http fetch GET 200 https://registry.npmjs.org/resolve-pkg-maps 103ms (cache revalidated)
612 silly packumentCache full:https://registry.npmjs.org/resolve-pkg-maps set size:11615 disposed:false
613 silly fetch manifest @unrs/resolver-binding-android-arm-eabi@1.11.1
614 silly packumentCache full:https://registry.npmjs.org/@unrs%2fresolver-binding-android-arm-eabi cache-miss
615 http fetch GET 200 https://registry.npmjs.org/napi-postinstall 104ms (cache revalidated)
616 silly packumentCache full:https://registry.npmjs.org/napi-postinstall set size:41400 disposed:false
617 silly fetch manifest @unrs/resolver-binding-linux-arm-gnueabihf@1.11.1
618 silly packumentCache full:https://registry.npmjs.org/@unrs%2fresolver-binding-linux-arm-gnueabihf cache-miss
619 http fetch GET 200 https://registry.npmjs.org/@unrs%2fresolver-binding-win32-ia32-msvc 117ms (cache revalidated)
620 silly packumentCache full:https://registry.npmjs.org/@unrs%2fresolver-binding-win32-ia32-msvc set size:59023 disposed:false
621 silly fetch manifest @unrs/resolver-binding-linux-arm-musleabihf@1.11.1
622 silly packumentCache full:https://registry.npmjs.org/@unrs%2fresolver-binding-linux-arm-musleabihf cache-miss
623 http fetch GET 200 https://registry.npmjs.org/@unrs%2fresolver-binding-win32-x64-msvc 125ms (cache revalidated)
624 silly packumentCache full:https://registry.npmjs.org/@unrs%2fresolver-binding-win32-x64-msvc set size:58760 disposed:false
625 silly fetch manifest @unrs/resolver-binding-linux-ppc64-gnu@1.11.1
626 silly packumentCache full:https://registry.npmjs.org/@unrs%2fresolver-binding-linux-ppc64-gnu cache-miss
627 http fetch GET 200 https://registry.npmjs.org/@unrs%2fresolver-binding-win32-arm64-msvc 127ms (cache revalidated)
628 silly packumentCache full:https://registry.npmjs.org/@unrs%2fresolver-binding-win32-arm64-msvc set size:59292 disposed:false
629 silly fetch manifest @unrs/resolver-binding-linux-riscv64-gnu@1.11.1
630 silly packumentCache full:https://registry.npmjs.org/@unrs%2fresolver-binding-linux-riscv64-gnu cache-miss
631 http fetch GET 200 https://registry.npmjs.org/@unrs%2fresolver-binding-android-arm64 137ms (cache revalidated)
632 silly packumentCache full:https://registry.npmjs.org/@unrs%2fresolver-binding-android-arm64 set size:12351 disposed:false
633 silly fetch manifest @unrs/resolver-binding-linux-riscv64-musl@1.11.1
634 silly packumentCache full:https://registry.npmjs.org/@unrs%2fresolver-binding-linux-riscv64-musl cache-miss
635 http fetch GET 200 https://registry.npmjs.org/@unrs%2fresolver-binding-linux-x64-musl 142ms (cache revalidated)
636 silly packumentCache full:https://registry.npmjs.org/@unrs%2fresolver-binding-linux-x64-musl set size:59364 disposed:false
637 silly fetch manifest @unrs/resolver-binding-linux-s390x-gnu@1.11.1
638 silly packumentCache full:https://registry.npmjs.org/@unrs%2fresolver-binding-linux-s390x-gnu cache-miss
639 http fetch GET 200 https://registry.npmjs.org/@unrs%2fresolver-binding-linux-arm64-musl 143ms (cache revalidated)
640 silly packumentCache full:https://registry.npmjs.org/@unrs%2fresolver-binding-linux-arm64-musl set size:59889 disposed:false
641 silly fetch manifest @unrs/resolver-binding-darwin-x64@1.11.1
642 silly packumentCache full:https://registry.npmjs.org/@unrs%2fresolver-binding-darwin-x64 cache-miss
643 http fetch GET 200 https://registry.npmjs.org/@unrs%2fresolver-binding-linux-x64-gnu 148ms (cache revalidated)
644 silly packumentCache full:https://registry.npmjs.org/@unrs%2fresolver-binding-linux-x64-gnu set size:59167 disposed:false
645 silly fetch manifest @unrs/resolver-binding-darwin-arm64@1.11.1
646 silly packumentCache full:https://registry.npmjs.org/@unrs%2fresolver-binding-darwin-arm64 cache-miss
647 http fetch GET 200 https://registry.npmjs.org/@unrs%2fresolver-binding-freebsd-x64 150ms (cache revalidated)
648 silly packumentCache full:https://registry.npmjs.org/@unrs%2fresolver-binding-freebsd-x64 set size:58172 disposed:false
649 silly fetch manifest @unrs/resolver-binding-wasm32-wasi@1.11.1
650 silly packumentCache full:https://registry.npmjs.org/@unrs%2fresolver-binding-wasm32-wasi cache-miss
651 http fetch GET 200 https://registry.npmjs.org/@unrs%2fresolver-binding-linux-arm64-gnu 151ms (cache revalidated)
652 silly packumentCache full:https://registry.npmjs.org/@unrs%2fresolver-binding-linux-arm64-gnu set size:59697 disposed:false
653 http fetch GET 200 https://registry.npmjs.org/@unrs%2fresolver-binding-linux-arm-gnueabihf 108ms (cache revalidated)
654 silly packumentCache full:https://registry.npmjs.org/@unrs%2fresolver-binding-linux-arm-gnueabihf set size:59902 disposed:false
655 http fetch GET 200 https://registry.npmjs.org/@unrs%2fresolver-binding-android-arm-eabi 122ms (cache revalidated)
656 silly packumentCache full:https://registry.npmjs.org/@unrs%2fresolver-binding-android-arm-eabi set size:12473 disposed:false
657 http fetch GET 200 https://registry.npmjs.org/@unrs%2fresolver-binding-linux-riscv64-gnu 115ms (cache revalidated)
658 silly packumentCache full:https://registry.npmjs.org/@unrs%2fresolver-binding-linux-riscv64-gnu set size:50987 disposed:false
659 http fetch GET 200 https://registry.npmjs.org/@unrs%2fresolver-binding-linux-ppc64-gnu 123ms (cache revalidated)
660 silly packumentCache full:https://registry.npmjs.org/@unrs%2fresolver-binding-linux-ppc64-gnu set size:59704 disposed:false
661 http fetch GET 200 https://registry.npmjs.org/@unrs%2fresolver-binding-linux-arm-musleabihf 129ms (cache revalidated)
662 silly packumentCache full:https://registry.npmjs.org/@unrs%2fresolver-binding-linux-arm-musleabihf set size:60135 disposed:false
663 http fetch GET 200 https://registry.npmjs.org/@unrs%2fresolver-binding-linux-riscv64-musl 114ms (cache revalidated)
664 silly packumentCache full:https://registry.npmjs.org/@unrs%2fresolver-binding-linux-riscv64-musl set size:40293 disposed:false
665 http fetch GET 200 https://registry.npmjs.org/@unrs%2fresolver-binding-darwin-x64 114ms (cache revalidated)
666 silly packumentCache full:https://registry.npmjs.org/@unrs%2fresolver-binding-darwin-x64 set size:57901 disposed:false
667 http fetch GET 200 https://registry.npmjs.org/@unrs%2fresolver-binding-linux-s390x-gnu 121ms (cache revalidated)
668 silly packumentCache full:https://registry.npmjs.org/@unrs%2fresolver-binding-linux-s390x-gnu set size:59697 disposed:false
669 http fetch GET 200 https://registry.npmjs.org/@unrs%2fresolver-binding-darwin-arm64 128ms (cache revalidated)
670 silly packumentCache full:https://registry.npmjs.org/@unrs%2fresolver-binding-darwin-arm64 set size:58434 disposed:false
671 http fetch GET 200 https://registry.npmjs.org/@unrs%2fresolver-binding-wasm32-wasi 131ms (cache revalidated)
672 silly packumentCache full:https://registry.npmjs.org/@unrs%2fresolver-binding-wasm32-wasi set size:61704 disposed:false
673 silly placeDep ROOT resolve-pkg-maps@1.0.0 OK for: get-tsconfig@4.14.0 want: ^1.0.0
674 silly placeDep ROOT @unrs/resolver-binding-android-arm-eabi@1.11.1 OK for: unrs-resolver@1.11.1 want: 1.11.1
675 silly placeDep ROOT @unrs/resolver-binding-android-arm64@1.11.1 OK for: unrs-resolver@1.11.1 want: 1.11.1
676 silly placeDep ROOT @unrs/resolver-binding-darwin-arm64@1.11.1 OK for: unrs-resolver@1.11.1 want: 1.11.1
677 silly placeDep ROOT @unrs/resolver-binding-darwin-x64@1.11.1 OK for: unrs-resolver@1.11.1 want: 1.11.1
678 silly placeDep ROOT @unrs/resolver-binding-freebsd-x64@1.11.1 OK for: unrs-resolver@1.11.1 want: 1.11.1
679 silly placeDep ROOT @unrs/resolver-binding-linux-arm-gnueabihf@1.11.1 OK for: unrs-resolver@1.11.1 want: 1.11.1
680 silly placeDep ROOT @unrs/resolver-binding-linux-arm-musleabihf@1.11.1 OK for: unrs-resolver@1.11.1 want: 1.11.1
681 silly placeDep ROOT @unrs/resolver-binding-linux-arm64-gnu@1.11.1 OK for: unrs-resolver@1.11.1 want: 1.11.1
682 silly placeDep ROOT @unrs/resolver-binding-linux-arm64-musl@1.11.1 OK for: unrs-resolver@1.11.1 want: 1.11.1
683 silly placeDep ROOT @unrs/resolver-binding-linux-ppc64-gnu@1.11.1 OK for: unrs-resolver@1.11.1 want: 1.11.1
684 silly placeDep ROOT @unrs/resolver-binding-linux-riscv64-gnu@1.11.1 OK for: unrs-resolver@1.11.1 want: 1.11.1
685 silly placeDep ROOT @unrs/resolver-binding-linux-riscv64-musl@1.11.1 OK for: unrs-resolver@1.11.1 want: 1.11.1
686 silly placeDep ROOT @unrs/resolver-binding-linux-s390x-gnu@1.11.1 OK for: unrs-resolver@1.11.1 want: 1.11.1
687 silly placeDep ROOT @unrs/resolver-binding-linux-x64-gnu@1.11.1 OK for: unrs-resolver@1.11.1 want: 1.11.1
688 silly placeDep ROOT @unrs/resolver-binding-linux-x64-musl@1.11.1 OK for: unrs-resolver@1.11.1 want: 1.11.1
689 silly placeDep ROOT @unrs/resolver-binding-wasm32-wasi@1.11.1 OK for: unrs-resolver@1.11.1 want: 1.11.1
690 silly placeDep ROOT @unrs/resolver-binding-win32-arm64-msvc@1.11.1 OK for: unrs-resolver@1.11.1 want: 1.11.1
691 silly placeDep ROOT @unrs/resolver-binding-win32-ia32-msvc@1.11.1 OK for: unrs-resolver@1.11.1 want: 1.11.1
692 silly placeDep ROOT @unrs/resolver-binding-win32-x64-msvc@1.11.1 OK for: unrs-resolver@1.11.1 want: 1.11.1
693 silly placeDep ROOT napi-postinstall@0.3.4 OK for: unrs-resolver@1.11.1 want: ^0.3.0
694 silly fetch manifest @napi-rs/wasm-runtime@^0.2.11
695 silly packumentCache full:https://registry.npmjs.org/@napi-rs%2fwasm-runtime cache-miss
696 http fetch GET 200 https://registry.npmjs.org/@napi-rs%2fwasm-runtime 87ms (cache revalidated)
697 silly packumentCache full:https://registry.npmjs.org/@napi-rs%2fwasm-runtime set size:71273 disposed:false
698 silly placeDep ROOT @napi-rs/wasm-runtime@0.2.12 OK for: @unrs/resolver-binding-wasm32-wasi@1.11.1 want: ^0.2.11
699 silly fetch manifest @emnapi/core@^1.4.3
700 silly packumentCache full:https://registry.npmjs.org/@emnapi%2fcore cache-miss
701 silly fetch manifest @tybys/wasm-util@^0.10.0
702 silly packumentCache full:https://registry.npmjs.org/@tybys%2fwasm-util cache-miss
703 http fetch GET 200 https://registry.npmjs.org/@emnapi%2fcore 106ms (cache revalidated)
704 silly packumentCache full:https://registry.npmjs.org/@emnapi%2fcore set size:105841 disposed:false
705 http fetch GET 200 https://registry.npmjs.org/@tybys%2fwasm-util 108ms (cache revalidated)
706 silly packumentCache full:https://registry.npmjs.org/@tybys%2fwasm-util set size:55410 disposed:false
707 silly placeDep ROOT @emnapi/core@1.10.0 OK for: @napi-rs/wasm-runtime@0.2.12 want: ^1.4.3
708 silly placeDep ROOT @tybys/wasm-util@0.10.1 OK for: @napi-rs/wasm-runtime@0.2.12 want: ^0.10.0
709 silly fetch manifest @emnapi/wasi-threads@1.2.1
710 silly packumentCache full:https://registry.npmjs.org/@emnapi%2fwasi-threads cache-miss
711 http fetch GET 200 https://registry.npmjs.org/@emnapi%2fwasi-threads 168ms (cache revalidated)
712 silly packumentCache full:https://registry.npmjs.org/@emnapi%2fwasi-threads set size:24206 disposed:false
713 silly placeDep ROOT @emnapi/wasi-threads@1.2.1 OK for: @emnapi/core@1.10.0 want: 1.2.1
714 silly placeDep ROOT @rtsao/scc@1.1.0 OK for: eslint-plugin-import@2.32.0 want: ^1.1.0
715 silly placeDep ROOT array.prototype.findlastindex@1.2.6 OK for: eslint-plugin-import@2.32.0 want: ^1.2.6
716 silly placeDep node_modules/eslint-config-next/node_modules/eslint-plugin-import debug@3.2.7 OK for: eslint-plugin-import@2.32.0 want: ^3.2.7
717 silly placeDep ROOT doctrine@2.1.0 OK for: eslint-plugin-import@2.32.0 want: ^2.1.0
718 silly placeDep ROOT eslint-module-utils@2.12.1 OK for: eslint-plugin-import@2.32.0 want: ^2.12.1
719 silly placeDep ROOT object.groupby@1.0.3 OK for: eslint-plugin-import@2.32.0 want: ^1.0.3
720 silly placeDep node_modules/eslint-config-next semver@6.3.1 OK for: eslint-plugin-import@2.32.0 want: ^6.3.1
721 silly placeDep ROOT tsconfig-paths@3.15.0 OK for: eslint-plugin-import@2.32.0 want: ^3.15.0
722 silly fetch manifest json5@^1.0.2
723 silly packumentCache full:https://registry.npmjs.org/json5 cache-miss
724 silly fetch manifest minimist@^1.2.6
725 silly packumentCache full:https://registry.npmjs.org/minimist cache-miss
726 silly fetch manifest strip-bom@^3.0.0
727 silly packumentCache full:https://registry.npmjs.org/strip-bom cache-miss
728 silly fetch manifest @types/json5@^0.0.29
729 silly packumentCache full:https://registry.npmjs.org/@types%2fjson5 cache-miss
730 http fetch GET 200 https://registry.npmjs.org/json5 220ms (cache revalidated)
731 silly packumentCache full:https://registry.npmjs.org/json5 set size:86136 disposed:false
732 http fetch GET 200 https://registry.npmjs.org/strip-bom 238ms (cache revalidated)
733 silly packumentCache full:https://registry.npmjs.org/strip-bom set size:19359 disposed:false
734 http fetch GET 200 https://registry.npmjs.org/minimist 242ms (cache revalidated)
735 silly packumentCache full:https://registry.npmjs.org/minimist set size:77063 disposed:false
736 http fetch GET 200 https://registry.npmjs.org/@types%2fjson5 242ms (cache revalidated)
737 silly packumentCache full:https://registry.npmjs.org/@types%2fjson5 set size:19581 disposed:false
738 silly placeDep node_modules/eslint-module-utils debug@3.2.7 OK for: eslint-module-utils@2.12.1 want: ^3.2.7
739 silly placeDep ROOT @types/json5@0.0.29 OK for: tsconfig-paths@3.15.0 want: ^0.0.29
740 silly placeDep node_modules/tsconfig-paths json5@1.0.2 OK for: tsconfig-paths@3.15.0 want: ^1.0.2
741 silly placeDep ROOT minimist@1.2.8 OK for: tsconfig-paths@3.15.0 want: ^1.2.6
742 silly placeDep node_modules/tsconfig-paths strip-bom@3.0.0 OK for: tsconfig-paths@3.15.0 want: ^3.0.0
743 silly fetch manifest minimist@^1.2.0
744 silly packumentCache full:https://registry.npmjs.org/minimist cache-hit
745 silly placeDep node_modules/eslint-config-next aria-query@5.3.2 OK for: eslint-plugin-jsx-a11y@6.10.2 want: ^5.3.2
746 silly placeDep ROOT ast-types-flow@0.0.8 OK for: eslint-plugin-jsx-a11y@6.10.2 want: ^0.0.8
747 silly placeDep ROOT axe-core@4.11.3 OK for: eslint-plugin-jsx-a11y@6.10.2 want: ^4.10.0
748 silly placeDep ROOT axobject-query@4.1.0 OK for: eslint-plugin-jsx-a11y@6.10.2 want: ^4.1.0
749 silly placeDep ROOT damerau-levenshtein@1.0.8 OK for: eslint-plugin-jsx-a11y@6.10.2 want: ^1.0.8
750 silly placeDep ROOT emoji-regex@9.2.2 OK for: eslint-plugin-jsx-a11y@6.10.2 want: ^9.2.2
751 silly placeDep ROOT language-tags@1.0.9 OK for: eslint-plugin-jsx-a11y@6.10.2 want: ^1.0.9
752 silly placeDep ROOT string.prototype.includes@2.0.1 OK for: eslint-plugin-jsx-a11y@6.10.2 want: ^2.0.1
753 silly fetch manifest language-subtag-registry@^0.3.20
754 silly packumentCache full:https://registry.npmjs.org/language-subtag-registry cache-miss
755 http fetch GET 200 https://registry.npmjs.org/language-subtag-registry 97ms (cache revalidated)
756 silly packumentCache full:https://registry.npmjs.org/language-subtag-registry set size:46437 disposed:false
757 silly placeDep ROOT language-subtag-registry@0.3.23 OK for: language-tags@1.0.9 want: ^0.3.20
758 silly placeDep ROOT array.prototype.findlast@1.2.5 OK for: eslint-plugin-react@7.37.5 want: ^1.2.5
759 silly placeDep ROOT array.prototype.tosorted@1.1.4 OK for: eslint-plugin-react@7.37.5 want: ^1.1.4
760 silly placeDep ROOT es-iterator-helpers@1.3.2 OK for: eslint-plugin-react@7.37.5 want: ^1.2.1
761 silly placeDep ROOT string.prototype.matchall@4.0.12 OK for: eslint-plugin-react@7.37.5 want: ^4.0.12
762 silly placeDep ROOT string.prototype.repeat@1.0.0 OK for: eslint-plugin-react@7.37.5 want: ^1.0.0
763 silly fetch manifest iterator.prototype@^1.1.5
764 silly packumentCache full:https://registry.npmjs.org/iterator.prototype cache-miss
765 http fetch GET 200 https://registry.npmjs.org/iterator.prototype 80ms (cache revalidated)
766 silly packumentCache full:https://registry.npmjs.org/iterator.prototype set size:26870 disposed:false
767 silly placeDep ROOT iterator.prototype@1.1.5 OK for: es-iterator-helpers@1.3.2 want: ^1.1.5
768 silly placeDep node_modules/eslint brace-expansion@5.0.5 OK for: minimatch@10.2.5 want: ^5.0.5
769 silly placeDep node_modules/eslint balanced-match@4.0.4 OK for: brace-expansion@5.0.5 want: ^4.0.2
770 silly reify mark retired [ 'S:\\Clouthes WEB\\node_modules\\@eslint\\eslintrc' ]
771 silly reify mark retired [ 'S:\\Clouthes WEB\\node_modules\\@eslint\\js' ]
772 silly reify mark retired [ 'S:\\Clouthes WEB\\node_modules\\@humanwhocodes\\config-array' ]
773 silly reify mark retired [ 'S:\\Clouthes WEB\\node_modules\\@humanwhocodes\\object-schema' ]
774 silly reify mark retired [ 'S:\\Clouthes WEB\\node_modules\\@next\\env' ]
775 silly reify mark retired [ 'S:\\Clouthes WEB\\node_modules\\@next\\eslint-plugin-next' ]
776 silly reify mark retired [ 'S:\\Clouthes WEB\\node_modules\\@next\\swc-win32-x64-msvc' ]
777 silly reify mark retired [ 'S:\\Clouthes WEB\\node_modules\\@rushstack\\eslint-patch' ]
778 silly reify mark retired [ 'S:\\Clouthes WEB\\node_modules\\@ungap\\structured-clone' ]
779 silly reify mark retired [ 'S:\\Clouthes WEB\\node_modules\\argparse' ]
780 silly reify mark retired [ 'S:\\Clouthes WEB\\node_modules\\doctrine' ]
781 silly reify mark retired [
781 silly reify   'S:\\Clouthes WEB\\node_modules\\eslint',
781 silly reify   'S:\\Clouthes WEB\\node_modules\\.bin\\eslint',
781 silly reify   'S:\\Clouthes WEB\\node_modules\\.bin\\eslint.cmd',
781 silly reify   'S:\\Clouthes WEB\\node_modules\\.bin\\eslint.ps1'
781 silly reify ]
782 silly reify mark retired [ 'S:\\Clouthes WEB\\node_modules\\eslint-config-next' ]
783 silly reify mark retired [ 'S:\\Clouthes WEB\\node_modules\\eslint-import-resolver-typescript' ]
784 silly reify mark retired [ 'S:\\Clouthes WEB\\node_modules\\eslint-plugin-import' ]
785 silly reify mark retired [ 'S:\\Clouthes WEB\\node_modules\\eslint-plugin-jsx-a11y' ]
786 silly reify mark retired [ 'S:\\Clouthes WEB\\node_modules\\eslint-plugin-react' ]
787 silly reify mark retired [ 'S:\\Clouthes WEB\\node_modules\\eslint-plugin-react-hooks' ]
788 silly reify mark retired [ 'S:\\Clouthes WEB\\node_modules\\eslint-scope' ]
789 silly reify mark retired [ 'S:\\Clouthes WEB\\node_modules\\espree' ]
790 silly reify mark retired [ 'S:\\Clouthes WEB\\node_modules\\file-entry-cache' ]
791 silly reify mark retired [ 'S:\\Clouthes WEB\\node_modules\\flat-cache' ]
792 silly reify mark retired [ 'S:\\Clouthes WEB\\node_modules\\globals' ]
793 silly reify mark retired [ 'S:\\Clouthes WEB\\node_modules\\graphemer' ]
794 silly reify mark retired [ 'S:\\Clouthes WEB\\node_modules\\import-fresh' ]
795 silly reify mark retired [ 'S:\\Clouthes WEB\\node_modules\\is-path-inside' ]
796 silly reify mark retired [
796 silly reify   'S:\\Clouthes WEB\\node_modules\\js-yaml',
796 silly reify   'S:\\Clouthes WEB\\node_modules\\.bin\\js-yaml',
796 silly reify   'S:\\Clouthes WEB\\node_modules\\.bin\\js-yaml.cmd',
796 silly reify   'S:\\Clouthes WEB\\node_modules\\.bin\\js-yaml.ps1'
796 silly reify ]
797 silly reify mark retired [ 'S:\\Clouthes WEB\\node_modules\\lodash.merge' ]
798 silly reify mark retired [
798 silly reify   'S:\\Clouthes WEB\\node_modules\\next',
798 silly reify   'S:\\Clouthes WEB\\node_modules\\.bin\\next',
798 silly reify   'S:\\Clouthes WEB\\node_modules\\.bin\\next.cmd',
798 silly reify   'S:\\Clouthes WEB\\node_modules\\.bin\\next.ps1'
798 silly reify ]
799 silly reify mark retired [ 'S:\\Clouthes WEB\\node_modules\\parent-module' ]
800 silly reify mark retired [ 'S:\\Clouthes WEB\\node_modules\\resolve-from' ]
801 silly reify mark retired [
801 silly reify   'S:\\Clouthes WEB\\node_modules\\rimraf',
801 silly reify   'S:\\Clouthes WEB\\node_modules\\.bin\\rimraf',
801 silly reify   'S:\\Clouthes WEB\\node_modules\\.bin\\rimraf.cmd',
801 silly reify   'S:\\Clouthes WEB\\node_modules\\.bin\\rimraf.ps1'
801 silly reify ]
802 silly reify mark retired [ 'S:\\Clouthes WEB\\node_modules\\text-table' ]
803 silly reify mark retired [ 'S:\\Clouthes WEB\\node_modules\\type-fest' ]
804 silly reify moves {
804 silly reify   'S:\\Clouthes WEB\\node_modules\\@eslint\\eslintrc': 'S:\\Clouthes WEB\\node_modules\\@eslint\\.eslintrc-N93MfGme',
804 silly reify   'S:\\Clouthes WEB\\node_modules\\@eslint\\js': 'S:\\Clouthes WEB\\node_modules\\@eslint\\.js-8e7ib2TL',
804 silly reify   'S:\\Clouthes WEB\\node_modules\\@humanwhocodes\\config-array': 'S:\\Clouthes WEB\\node_modules\\@humanwhocodes\\.config-array-FFlbPdDH',
804 silly reify   'S:\\Clouthes WEB\\node_modules\\@humanwhocodes\\object-schema': 'S:\\Clouthes WEB\\node_modules\\@humanwhocodes\\.object-schema-B9Y7ghlM',
804 silly reify   'S:\\Clouthes WEB\\node_modules\\@next\\env': 'S:\\Clouthes WEB\\node_modules\\@next\\.env-SlahR8W0',
804 silly reify   'S:\\Clouthes WEB\\node_modules\\@next\\eslint-plugin-next': 'S:\\Clouthes WEB\\node_modules\\@next\\.eslint-plugin-next-rwjDz8yW',
804 silly reify   'S:\\Clouthes WEB\\node_modules\\@next\\swc-win32-x64-msvc': 'S:\\Clouthes WEB\\node_modules\\@next\\.swc-win32-x64-msvc-VyC9JPzi',
804 silly reify   'S:\\Clouthes WEB\\node_modules\\@rushstack\\eslint-patch': 'S:\\Clouthes WEB\\node_modules\\@rushstack\\.eslint-patch-9i8ZaSUf',
804 silly reify   'S:\\Clouthes WEB\\node_modules\\@ungap\\structured-clone': 'S:\\Clouthes WEB\\node_modules\\@ungap\\.structured-clone-UtAM00Bd',
804 silly reify   'S:\\Clouthes WEB\\node_modules\\argparse': 'S:\\Clouthes WEB\\node_modules\\.argparse-nVsCVKpe',
804 silly reify   'S:\\Clouthes WEB\\node_modules\\doctrine': 'S:\\Clouthes WEB\\node_modules\\.doctrine-57nB7daz',
804 silly reify   'S:\\Clouthes WEB\\node_modules\\eslint': 'S:\\Clouthes WEB\\node_modules\\.eslint-FNJYZnQW',
804 silly reify   'S:\\Clouthes WEB\\node_modules\\.bin\\eslint': 'S:\\Clouthes WEB\\node_modules\\.bin\\.eslint-GSFp3SGl',
804 silly reify   'S:\\Clouthes WEB\\node_modules\\.bin\\eslint.cmd': 'S:\\Clouthes WEB\\node_modules\\.bin\\.eslint.cmd-tojRwsM0',
804 silly reify   'S:\\Clouthes WEB\\node_modules\\.bin\\eslint.ps1': 'S:\\Clouthes WEB\\node_modules\\.bin\\.eslint.ps1-D9H5a87B',
804 silly reify   'S:\\Clouthes WEB\\node_modules\\eslint-config-next': 'S:\\Clouthes WEB\\node_modules\\.eslint-config-next-B1dGfxK4',
804 silly reify   'S:\\Clouthes WEB\\node_modules\\eslint-import-resolver-typescript': 'S:\\Clouthes WEB\\node_modules\\.eslint-import-resolver-typescript-7FZCGKJm',
804 silly reify   'S:\\Clouthes WEB\\node_modules\\eslint-plugin-import': 'S:\\Clouthes WEB\\node_modules\\.eslint-plugin-import-GDGDKSiF',
804 silly reify   'S:\\Clouthes WEB\\node_modules\\eslint-plugin-jsx-a11y': 'S:\\Clouthes WEB\\node_modules\\.eslint-plugin-jsx-a11y-1ieON67p',
804 silly reify   'S:\\Clouthes WEB\\node_modules\\eslint-plugin-react': 'S:\\Clouthes WEB\\node_modules\\.eslint-plugin-react-2vIU7Cqv',
804 silly reify   'S:\\Clouthes WEB\\node_modules\\eslint-plugin-react-hooks': 'S:\\Clouthes WEB\\node_modules\\.eslint-plugin-react-hooks-7Kd1TRgj',
804 silly reify   'S:\\Clouthes WEB\\node_modules\\eslint-scope': 'S:\\Clouthes WEB\\node_modules\\.eslint-scope-Le48pGOS',
804 silly reify   'S:\\Clouthes WEB\\node_modules\\espree': 'S:\\Clouthes WEB\\node_modules\\.espree-9bXvVnaG',
804 silly reify   'S:\\Clouthes WEB\\node_modules\\file-entry-cache': 'S:\\Clouthes WEB\\node_modules\\.file-entry-cache-V3mEecXN',
804 silly reify   'S:\\Clouthes WEB\\node_modules\\flat-cache': 'S:\\Clouthes WEB\\node_modules\\.flat-cache-UnV4K1sg',
804 silly reify   'S:\\Clouthes WEB\\node_modules\\globals': 'S:\\Clouthes WEB\\node_modules\\.globals-hGbOayyZ',
804 silly reify   'S:\\Clouthes WEB\\node_modules\\graphemer': 'S:\\Clouthes WEB\\node_modules\\.graphemer-VRKyzGCb',
804 silly reify   'S:\\Clouthes WEB\\node_modules\\import-fresh': 'S:\\Clouthes WEB\\node_modules\\.import-fresh-e9GIMsPU',
804 silly reify   'S:\\Clouthes WEB\\node_modules\\is-path-inside': 'S:\\Clouthes WEB\\node_modules\\.is-path-inside-TN7CVVZw',
804 silly reify   'S:\\Clouthes WEB\\node_modules\\js-yaml': 'S:\\Clouthes WEB\\node_modules\\.js-yaml-No45VhcL',
804 silly reify   'S:\\Clouthes WEB\\node_modules\\.bin\\js-yaml': 'S:\\Clouthes WEB\\node_modules\\.bin\\.js-yaml-dwhnB1B8',
804 silly reify   'S:\\Clouthes WEB\\node_modules\\.bin\\js-yaml.cmd': 'S:\\Clouthes WEB\\node_modules\\.bin\\.js-yaml.cmd-yUfY8CYN',
804 silly reify   'S:\\Clouthes WEB\\node_modules\\.bin\\js-yaml.ps1': 'S:\\Clouthes WEB\\node_modules\\.bin\\.js-yaml.ps1-EGRyc88H',
804 silly reify   'S:\\Clouthes WEB\\node_modules\\lodash.merge': 'S:\\Clouthes WEB\\node_modules\\.lodash.merge-J30T4d76',
804 silly reify   'S:\\Clouthes WEB\\node_modules\\next': 'S:\\Clouthes WEB\\node_modules\\.next-B1hVAqPm',
804 silly reify   'S:\\Clouthes WEB\\node_modules\\.bin\\next': 'S:\\Clouthes WEB\\node_modules\\.bin\\.next-kc2lwHlM',
804 silly reify   'S:\\Clouthes WEB\\node_modules\\.bin\\next.cmd': 'S:\\Clouthes WEB\\node_modules\\.bin\\.next.cmd-YqLHvD3H',
804 silly reify   'S:\\Clouthes WEB\\node_modules\\.bin\\next.ps1': 'S:\\Clouthes WEB\\node_modules\\.bin\\.next.ps1-QtWdCP0d',
804 silly reify   'S:\\Clouthes WEB\\node_modules\\parent-module': 'S:\\Clouthes WEB\\node_modules\\.parent-module-EFYSV7Fw',
804 silly reify   'S:\\Clouthes WEB\\node_modules\\resolve-from': 'S:\\Clouthes WEB\\node_modules\\.resolve-from-I9L6UodL',
804 silly reify   'S:\\Clouthes WEB\\node_modules\\rimraf': 'S:\\Clouthes WEB\\node_modules\\.rimraf-vZMFQuO2',
804 silly reify   'S:\\Clouthes WEB\\node_modules\\.bin\\rimraf': 'S:\\Clouthes WEB\\node_modules\\.bin\\.rimraf-yMK9NXg8',
804 silly reify   'S:\\Clouthes WEB\\node_modules\\.bin\\rimraf.cmd': 'S:\\Clouthes WEB\\node_modules\\.bin\\.rimraf.cmd-U10PnfiY',
804 silly reify   'S:\\Clouthes WEB\\node_modules\\.bin\\rimraf.ps1': 'S:\\Clouthes WEB\\node_modules\\.bin\\.rimraf.ps1-42RUyt46',
804 silly reify   'S:\\Clouthes WEB\\node_modules\\text-table': 'S:\\Clouthes WEB\\node_modules\\.text-table-MbJpb2QD',
804 silly reify   'S:\\Clouthes WEB\\node_modules\\type-fest': 'S:\\Clouthes WEB\\node_modules\\.type-fest-QUVFalLf'
804 silly reify }
805 silly audit bulk request {
805 silly audit   '@adobe/css-tools': [ '4.4.4' ],
805 silly audit   '@alloc/quick-lru': [ '5.2.0' ],
805 silly audit   '@babel/code-frame': [ '7.29.0' ],
805 silly audit   '@babel/compat-data': [ '7.29.0' ],
805 silly audit   '@babel/core': [ '7.29.0' ],
805 silly audit   semver: [ '6.3.1', '7.7.4' ],
805 silly audit   '@babel/generator': [ '7.29.1' ],
805 silly audit   '@babel/helper-compilation-targets': [ '7.28.6' ],
805 silly audit   '@babel/helper-globals': [ '7.28.0' ],
805 silly audit   '@babel/helper-module-imports': [ '7.28.6' ],
805 silly audit   '@babel/helper-module-transforms': [ '7.28.6' ],
805 silly audit   '@babel/helper-plugin-utils': [ '7.28.6' ],
805 silly audit   '@babel/helper-string-parser': [ '7.27.1' ],
805 silly audit   '@babel/helper-validator-identifier': [ '7.28.5' ],
805 silly audit   '@babel/helper-validator-option': [ '7.27.1' ],
805 silly audit   '@babel/helpers': [ '7.29.2' ],
805 silly audit   '@babel/parser': [ '7.29.2' ],
805 silly audit   '@babel/plugin-syntax-async-generators': [ '7.8.4' ],
805 silly audit   '@babel/plugin-syntax-bigint': [ '7.8.3' ],
805 silly audit   '@babel/plugin-syntax-class-properties': [ '7.12.13' ],
805 silly audit   '@babel/plugin-syntax-class-static-block': [ '7.14.5' ],
805 silly audit   '@babel/plugin-syntax-import-attributes': [ '7.28.6' ],
805 silly audit   '@babel/plugin-syntax-import-meta': [ '7.10.4' ],
805 silly audit   '@babel/plugin-syntax-json-strings': [ '7.8.3' ],
805 silly audit   '@babel/plugin-syntax-jsx': [ '7.28.6' ],
805 silly audit   '@babel/plugin-syntax-logical-assignment-operators': [ '7.10.4' ],
805 silly audit   '@babel/plugin-syntax-nullish-coalescing-operator': [ '7.8.3' ],
805 silly audit   '@babel/plugin-syntax-numeric-separator': [ '7.10.4' ],
805 silly audit   '@babel/plugin-syntax-object-rest-spread': [ '7.8.3' ],
805 silly audit   '@babel/plugin-syntax-optional-catch-binding': [ '7.8.3' ],
805 silly audit   '@babel/plugin-syntax-optional-chaining': [ '7.8.3' ],
805 silly audit   '@babel/plugin-syntax-private-property-in-object': [ '7.14.5' ],
805 silly audit   '@babel/plugin-syntax-top-level-await': [ '7.14.5' ],
805 silly audit   '@babel/plugin-syntax-typescript': [ '7.28.6' ],
805 silly audit   '@babel/runtime': [ '7.29.2' ],
805 silly audit   '@babel/template': [ '7.28.6' ],
805 silly audit   '@babel/traverse': [ '7.29.0' ],
805 silly audit   '@babel/types': [ '7.29.0' ],
805 silly audit   '@bcoe/v8-coverage': [ '0.2.3' ],
805 silly audit   '@emnapi/runtime': [ '1.10.0' ],
805 silly audit   '@eslint-community/eslint-utils': [ '4.9.1' ],
805 silly audit   '@eslint-community/regexpp': [ '4.12.2' ],
805 silly audit   '@hookform/resolvers': [ '3.10.0' ],
805 silly audit   '@humanwhocodes/module-importer': [ '1.0.1' ],
805 silly audit   '@img/colour': [ '1.1.0' ],
805 silly audit   '@img/sharp-darwin-arm64': [ '0.34.5' ],
805 silly audit   '@img/sharp-darwin-x64': [ '0.34.5' ],
805 silly audit   '@img/sharp-libvips-darwin-arm64': [ '1.2.4' ],
805 silly audit   '@img/sharp-libvips-darwin-x64': [ '1.2.4' ],
805 silly audit   '@img/sharp-libvips-linux-arm': [ '1.2.4' ],
805 silly audit   '@img/sharp-libvips-linux-arm64': [ '1.2.4' ],
805 silly audit   '@img/sharp-libvips-linux-ppc64': [ '1.2.4' ],
805 silly audit   '@img/sharp-libvips-linux-riscv64': [ '1.2.4' ],
805 silly audit   '@img/sharp-libvips-linux-s390x': [ '1.2.4' ],
805 silly audit   '@img/sharp-libvips-linux-x64': [ '1.2.4' ],
805 silly audit   '@img/sharp-libvips-linuxmusl-arm64': [ '1.2.4' ],
805 silly audit   '@img/sharp-libvips-linuxmusl-x64': [ '1.2.4' ],
805 silly audit   '@img/sharp-linux-arm': [ '0.34.5' ],
805 silly audit   '@img/sharp-linux-arm64': [ '0.34.5' ],
805 silly audit   '@img/sharp-linux-ppc64': [ '0.34.5' ],
805 silly audit   '@img/sharp-linux-riscv64': [ '0.34.5' ],
805 silly audit   '@img/sharp-linux-s390x': [ '0.34.5' ],
805 silly audit   '@img/sharp-linux-x64': [ '0.34.5' ],
805 silly audit   '@img/sharp-linuxmusl-arm64': [ '0.34.5' ],
805 silly audit   '@img/sharp-linuxmusl-x64': [ '0.34.5' ],
805 silly audit   '@img/sharp-wasm32': [ '0.34.5' ],
805 silly audit   '@img/sharp-win32-arm64': [ '0.34.5' ],
805 silly audit   '@img/sharp-win32-ia32': [ '0.34.5' ],
805 silly audit   '@img/sharp-win32-x64': [ '0.34.5' ],
805 silly audit   '@istanbuljs/load-nyc-config': [ '1.1.0' ],
805 silly audit   argparse: [ '1.0.10' ],
805 silly audit   'find-up': [ '4.1.0', '5.0.0' ],
805 silly audit   'js-yaml': [ '3.14.2' ],
805 silly audit   'locate-path': [ '5.0.0', '6.0.0' ],
805 silly audit   'p-limit': [ '2.3.0', '3.1.0' ],
805 silly audit   'p-locate': [ '4.1.0', '5.0.0' ],
805 silly audit   'resolve-from': [ '5.0.0' ],
805 silly audit   '@istanbuljs/schema': [ '0.1.6' ],
805 silly audit   '@jest/console': [ '29.7.0' ],
805 silly audit   '@jest/core': [ '29.7.0' ],
805 silly audit   'ansi-styles': [ '5.2.0', '4.3.0' ],
805 silly audit   'pretty-format': [ '29.7.0', '27.5.1' ],
805 silly audit   'react-is': [ '18.3.1', '16.13.1', '17.0.2' ],
805 silly audit   '@jest/environment': [ '29.7.0' ],
805 silly audit   '@jest/expect': [ '29.7.0' ],
805 silly audit   '@jest/expect-utils': [ '29.7.0' ],
805 silly audit   '@jest/fake-timers': [ '29.7.0' ],
805 silly audit   '@jest/globals': [ '29.7.0' ],
805 silly audit   '@jest/reporters': [ '29.7.0' ],
805 silly audit   '@jest/schemas': [ '29.6.3' ],
805 silly audit   '@jest/source-map': [ '29.6.3' ],
805 silly audit   '@jest/test-result': [ '29.7.0' ],
805 silly audit   '@jest/test-sequencer': [ '29.7.0' ],
805 silly audit   '@jest/transform': [ '29.7.0' ],
805 silly audit   '@jest/types': [ '29.6.3' ],
805 silly audit   '@jridgewell/gen-mapping': [ '0.3.13' ],
805 silly audit   '@jridgewell/remapping': [ '2.3.5' ],
805 silly audit   '@jridgewell/resolve-uri': [ '3.1.2' ],
805 silly audit   '@jridgewell/sourcemap-codec': [ '1.5.5' ],
805 silly audit   '@jridgewell/trace-mapping': [ '0.3.31' ],
805 silly audit   '@nodelib/fs.scandir': [ '2.1.5' ],
805 silly audit   '@nodelib/fs.stat': [ '2.0.5' ],
805 silly audit   '@nodelib/fs.walk': [ '1.2.8' ],
805 silly audit   '@sinclair/typebox': [ '0.27.10' ],
805 silly audit   '@sinonjs/commons': [ '3.0.1' ],
805 silly audit   '@sinonjs/fake-timers': [ '10.3.0' ],
805 silly audit   '@swc/helpers': [ '0.5.15' ],
805 silly audit   '@tanstack/query-core': [ '5.100.5' ],
805 silly audit   '@tanstack/react-query': [ '5.100.5' ],
805 silly audit   '@testing-library/dom': [ '10.4.1' ],
805 silly audit   '@testing-library/jest-dom': [ '6.9.1' ],
805 silly audit   'dom-accessibility-api': [ '0.6.3', '0.5.16' ],
805 silly audit   '@testing-library/react': [ '16.3.2' ],
805 silly audit   '@testing-library/user-event': [ '14.6.1' ],
805 silly audit   '@tootallnate/once': [ '2.0.0' ],
805 silly audit   '@types/aria-query': [ '5.0.4' ],
805 silly audit   '@types/babel__core': [ '7.20.5' ],
805 silly audit   '@types/babel__generator': [ '7.27.0' ],
805 silly audit   '@types/babel__template': [ '7.4.4' ],
805 silly audit   '@types/babel__traverse': [ '7.28.0' ],
805 silly audit   '@types/d3-array': [ '3.2.2' ],
805 silly audit   '@types/d3-color': [ '3.1.3' ],
805 silly audit   '@types/d3-ease': [ '3.0.2' ],
805 silly audit   '@types/d3-interpolate': [ '3.0.4' ],
805 silly audit   '@types/d3-path': [ '3.1.1' ],
805 silly audit   '@types/d3-scale': [ '4.0.9' ],
805 silly audit   '@types/d3-shape': [ '3.1.8' ],
805 silly audit   '@types/d3-time': [ '3.0.4' ],
805 silly audit   '@types/d3-timer': [ '3.0.2' ],
805 silly audit   '@types/graceful-fs': [ '4.1.9' ],
805 silly audit   '@types/istanbul-lib-coverage': [ '2.0.6' ],
805 silly audit   '@types/istanbul-lib-report': [ '3.0.3' ],
805 silly audit   '@types/istanbul-reports': [ '3.0.4' ],
805 silly audit   '@types/jest': [ '29.5.14' ],
805 silly audit   '@types/jsdom': [ '20.0.1' ],
805 silly audit   '@types/node': [ '22.19.17' ],
805 silly audit   '@types/react': [ '19.2.14' ],
805 silly audit   '@types/react-dom': [ '19.2.3' ],
805 silly audit   '@types/stack-utils': [ '2.0.3' ],
805 silly audit   '@types/tough-cookie': [ '4.0.5' ],
805 silly audit   '@types/yargs': [ '17.0.35' ],
805 silly audit   '@types/yargs-parser': [ '21.0.3' ],
805 silly audit   'balanced-match': [ '1.0.2', '4.0.4' ],
805 silly audit   'brace-expansion': [ '1.1.14', '5.0.5' ],
805 silly audit   minimatch: [ '3.1.5', '10.2.5' ],
805 silly audit   'eslint-visitor-keys': [ '3.4.3', '5.0.1' ],
805 silly audit   abab: [ '2.0.6' ],
805 silly audit   acorn: [ '8.16.0' ],
805 silly audit   'acorn-globals': [ '7.0.1' ],
805 silly audit   'acorn-walk': [ '8.3.5' ],
805 silly audit   'agent-base': [ '6.0.2' ],
805 silly audit   'ansi-escapes': [ '4.3.2' ],
805 silly audit   'type-fest': [ '0.21.3' ],
805 silly audit   'ansi-regex': [ '5.0.1' ],
805 silly audit   'any-promise': [ '1.3.0' ],
805 silly audit   anymatch: [ '3.1.3' ],
805 silly audit   arg: [ '5.0.2' ],
805 silly audit   'aria-query': [ '5.3.0', '5.3.2' ],
805 silly audit   'array-buffer-byte-length': [ '1.0.2' ],
805 silly audit   'array-includes': [ '3.1.9' ],
805 silly audit   'array.prototype.flat': [ '1.3.3' ],
805 silly audit   'array.prototype.flatmap': [ '1.3.3' ],
805 silly audit   'arraybuffer.prototype.slice': [ '1.0.4' ],
805 silly audit   'async-function': [ '1.0.0' ],
805 silly audit   asynckit: [ '0.4.0' ],
805 silly audit   autoprefixer: [ '10.5.0' ],
805 silly audit   'available-typed-arrays': [ '1.0.7' ],
805 silly audit   axios: [ '1.15.2' ],
805 silly audit   'babel-jest': [ '29.7.0' ],
805 silly audit   'babel-plugin-istanbul': [ '6.1.1' ],
805 silly audit   'istanbul-lib-instrument': [ '5.2.1', '6.0.3' ],
805 silly audit   'babel-plugin-jest-hoist': [ '29.6.3' ],
805 silly audit   'babel-preset-current-node-syntax': [ '1.2.0' ],
805 silly audit   'babel-preset-jest': [ '29.6.3' ],
805 silly audit   'baseline-browser-mapping': [ '2.10.22' ],
805 silly audit   'binary-extensions': [ '2.3.0' ],
805 silly audit   braces: [ '3.0.3' ],
805 silly audit   browserslist: [ '4.28.2' ],
805 silly audit   bser: [ '2.1.1' ],
805 silly audit   'buffer-from': [ '1.1.2' ],
805 silly audit   'call-bind': [ '1.0.9' ],
805 silly audit   'call-bind-apply-helpers': [ '1.0.2' ],
805 silly audit   'call-bound': [ '1.0.4' ],
805 silly audit   callsites: [ '3.1.0' ],
805 silly audit   camelcase: [ '5.3.1', '6.3.0' ],
805 silly audit   'camelcase-css': [ '2.0.1' ],
805 silly audit   'caniuse-lite': [ '1.0.30001791' ],
805 silly audit   chalk: [ '4.1.2' ],
805 silly audit   'char-regex': [ '1.0.2' ],
805 silly audit   chokidar: [ '3.6.0' ],
805 silly audit   'glob-parent': [ '5.1.2', '6.0.2' ],
805 silly audit   'ci-info': [ '3.9.0' ],
805 silly audit   'cjs-module-lexer': [ '1.4.3' ],
805 silly audit   'client-only': [ '0.0.1' ],
805 silly audit   cliui: [ '8.0.1' ],
805 silly audit   clsx: [ '2.1.1' ],
805 silly audit   co: [ '4.6.0' ],
805 silly audit   'collect-v8-coverage': [ '1.0.3' ],
805 silly audit   'color-convert': [ '2.0.1' ],
805 silly audit   'color-name': [ '1.1.4' ],
805 silly audit   'combined-stream': [ '1.0.8' ],
805 silly audit   commander: [ '4.1.1' ],
805 silly audit   'concat-map': [ '0.0.1' ],
805 silly audit   'convert-source-map': [ '2.0.0' ],
805 silly audit   'create-jest': [ '29.7.0' ],
805 silly audit   'cross-spawn': [ '7.0.6' ],
805 silly audit   'css.escape': [ '1.5.1' ],
805 silly audit   cssesc: [ '3.0.0' ],
805 silly audit   cssom: [ '0.5.0', '0.3.8' ],
805 silly audit   cssstyle: [ '2.3.0' ],
805 silly audit   csstype: [ '3.2.3' ],
805 silly audit   'd3-array': [ '3.2.4' ],
805 silly audit   'd3-color': [ '3.1.0' ],
805 silly audit   'd3-ease': [ '3.0.1' ],
805 silly audit   'd3-format': [ '3.1.2' ],
805 silly audit   'd3-interpolate': [ '3.0.1' ],
805 silly audit   'd3-path': [ '3.1.0' ],
805 silly audit   'd3-scale': [ '4.0.2' ],
805 silly audit   'd3-shape': [ '3.2.0' ],
805 silly audit   'd3-time': [ '3.1.0' ],
805 silly audit   'd3-time-format': [ '4.1.0' ],
805 silly audit   'd3-timer': [ '3.0.1' ],
805 silly audit   'data-urls': [ '3.0.2' ],
805 silly audit   'data-view-buffer': [ '1.0.2' ],
805 silly audit   'data-view-byte-length': [ '1.0.2' ],
805 silly audit   'data-view-byte-offset': [ '1.0.1' ],
805 silly audit   debug: [ '4.4.3', '3.2.7' ],
805 silly audit   'decimal.js': [ '10.6.0' ],
805 silly audit   'decimal.js-light': [ '2.5.1' ],
805 silly audit   dedent: [ '1.7.2' ],
805 silly audit   'deep-is': [ '0.1.4' ],
805 silly audit   deepmerge: [ '4.3.1' ],
805 silly audit   'define-data-property': [ '1.1.4' ],
805 silly audit   'define-properties': [ '1.2.1' ],
805 silly audit   'delayed-stream': [ '1.0.0' ],
805 silly audit   dequal: [ '2.0.3' ],
805 silly audit   'detect-libc': [ '2.1.2' ],
805 silly audit   'detect-newline': [ '3.1.0' ],
805 silly audit   didyoumean: [ '1.2.2' ],
805 silly audit   'diff-sequences': [ '29.6.3' ],
805 silly audit   dlv: [ '1.1.3' ],
805 silly audit   'dom-helpers': [ '5.2.1' ],
805 silly audit   domexception: [ '4.0.0' ],
805 silly audit   'dunder-proto': [ '1.0.1' ],
805 silly audit   'electron-to-chromium': [ '1.5.344' ],
805 silly audit   emittery: [ '0.13.1' ],
805 silly audit   'emoji-regex': [ '8.0.0', '9.2.2' ],
805 silly audit   entities: [ '6.0.1' ],
805 silly audit   'error-ex': [ '1.3.4' ],
805 silly audit   'es-abstract': [ '1.24.2' ],
805 silly audit   'es-define-property': [ '1.0.1' ],
805 silly audit   'es-errors': [ '1.3.0' ],
805 silly audit   'es-object-atoms': [ '1.1.1' ],
805 silly audit   'es-set-tostringtag': [ '2.1.0' ],
805 silly audit   'es-shim-unscopables': [ '1.1.0' ],
805 silly audit   'es-to-primitive': [ '1.3.0' ],
805 silly audit   escalade: [ '3.2.0' ],
805 silly audit   'escape-string-regexp': [ '4.0.0', '2.0.0' ],
805 silly audit   escodegen: [ '2.1.0' ],
805 silly audit   'eslint-import-resolver-node': [ '0.3.10' ],
805 silly audit   esprima: [ '4.0.1' ],
805 silly audit   esquery: [ '1.7.0' ],
805 silly audit   estraverse: [ '5.3.0' ],
805 silly audit   esutils: [ '2.0.3' ],
805 silly audit   eventemitter3: [ '4.0.7' ],
805 silly audit   execa: [ '5.1.1' ],
805 silly audit   exit: [ '0.1.2' ],
805 silly audit   expect: [ '29.7.0' ],
805 silly audit   'fast-equals': [ '5.4.0' ],
805 silly audit   'fast-glob': [ '3.3.3', '3.3.1' ],
805 silly audit   'fast-json-stable-stringify': [ '2.1.0' ],
805 silly audit   'fast-levenshtein': [ '2.0.6' ],
805 silly audit   fastq: [ '1.20.1' ],
805 silly audit   'fb-watchman': [ '2.0.2' ],
805 silly audit   'fill-range': [ '7.1.1' ],
805 silly audit   'follow-redirects': [ '1.16.0' ],
805 silly audit   'for-each': [ '0.3.5' ],
805 silly audit   'form-data': [ '4.0.5' ],
805 silly audit   'fraction.js': [ '5.3.4' ],
805 silly audit   'framer-motion': [ '12.38.0' ],
805 silly audit   'fs.realpath': [ '1.0.0' ],
805 silly audit   fsevents: [ '2.3.3' ],
805 silly audit   'function-bind': [ '1.1.2' ],
805 silly audit   'function.prototype.name': [ '1.1.8' ],
805 silly audit   'functions-have-names': [ '1.2.3' ],
805 silly audit   'generator-function': [ '2.0.1' ],
805 silly audit   gensync: [ '1.0.0-beta.2' ],
805 silly audit   'get-caller-file': [ '2.0.5' ],
805 silly audit   'get-intrinsic': [ '1.3.0' ],
805 silly audit   'get-package-type': [ '0.1.0' ],
805 silly audit   'get-proto': [ '1.0.1' ],
805 silly audit   'get-stream': [ '6.0.1' ],
805 silly audit   'get-symbol-description': [ '1.1.0' ],
805 silly audit   glob: [ '7.2.3' ],
805 silly audit   globalthis: [ '1.0.4' ],
805 silly audit   gopd: [ '1.2.0' ],
805 silly audit   'graceful-fs': [ '4.2.11' ],
805 silly audit   'has-bigints': [ '1.1.0' ],
805 silly audit   'has-flag': [ '4.0.0' ],
805 silly audit   'has-property-descriptors': [ '1.0.2' ],
805 silly audit   'has-proto': [ '1.2.0' ],
805 silly audit   'has-symbols': [ '1.1.0' ],
805 silly audit   'has-tostringtag': [ '1.0.2' ],
805 silly audit   hasown: [ '2.0.3' ],
805 silly audit   'html-encoding-sniffer': [ '3.0.0' ],
805 silly audit   'html-escaper': [ '2.0.2' ],
805 silly audit   'http-proxy-agent': [ '5.0.0' ],
805 silly audit   'https-proxy-agent': [ '5.0.1' ],
805 silly audit   'human-signals': [ '2.1.0' ],
805 silly audit   'iconv-lite': [ '0.6.3' ],
805 silly audit   'import-local': [ '3.2.0' ],
805 silly audit   imurmurhash: [ '0.1.4' ],
805 silly audit   'indent-string': [ '4.0.0' ],
805 silly audit   inflight: [ '1.0.6' ],
805 silly audit   inherits: [ '2.0.4' ],
805 silly audit   'internal-slot': [ '1.1.0' ],
805 silly audit   internmap: [ '2.0.3' ],
805 silly audit   'is-array-buffer': [ '3.0.5' ],
805 silly audit   'is-arrayish': [ '0.2.1' ],
805 silly audit   'is-async-function': [ '2.1.1' ],
805 silly audit   'is-bigint': [ '1.1.0' ],
805 silly audit   'is-binary-path': [ '2.1.0' ],
805 silly audit   'is-boolean-object': [ '1.2.2' ],
805 silly audit   'is-callable': [ '1.2.7' ],
805 silly audit   'is-core-module': [ '2.16.1' ],
805 silly audit   'is-data-view': [ '1.0.2' ],
805 silly audit   'is-date-object': [ '1.1.0' ],
805 silly audit   'is-extglob': [ '2.1.1' ],
805 silly audit   'is-finalizationregistry': [ '1.1.1' ],
805 silly audit   'is-fullwidth-code-point': [ '3.0.0' ],
805 silly audit   'is-generator-fn': [ '2.1.0' ],
805 silly audit   'is-generator-function': [ '1.1.2' ],
805 silly audit   'is-glob': [ '4.0.3' ],
805 silly audit   'is-map': [ '2.0.3' ],
805 silly audit   'is-negative-zero': [ '2.0.3' ],
805 silly audit   'is-number': [ '7.0.0' ],
805 silly audit   'is-number-object': [ '1.1.1' ],
805 silly audit   'is-potential-custom-element-name': [ '1.0.1' ],
805 silly audit   'is-regex': [ '1.2.1' ],
805 silly audit   'is-set': [ '2.0.3' ],
805 silly audit   'is-shared-array-buffer': [ '1.0.4' ],
805 silly audit   'is-stream': [ '2.0.1' ],
805 silly audit   'is-string': [ '1.1.1' ],
805 silly audit   'is-symbol': [ '1.1.1' ],
805 silly audit   'is-typed-array': [ '1.1.15' ],
805 silly audit   'is-weakmap': [ '2.0.2' ],
805 silly audit   'is-weakref': [ '1.1.1' ],
805 silly audit   'is-weakset': [ '2.0.4' ],
805 silly audit   isarray: [ '2.0.5' ],
805 silly audit   isexe: [ '2.0.0' ],
805 silly audit   'istanbul-lib-coverage': [ '3.2.2' ],
805 silly audit   'istanbul-lib-report': [ '3.0.1' ],
805 silly audit   'istanbul-lib-source-maps': [ '4.0.1' ],
805 silly audit   'istanbul-reports': [ '3.2.0' ],
805 silly audit   jest: [ '29.7.0' ],
805 silly audit   'jest-changed-files': [ '29.7.0' ],
805 silly audit   'jest-circus': [ '29.7.0' ],
805 silly audit   'jest-cli': [ '29.7.0' ],
805 silly audit   'jest-config': [ '29.7.0' ],
805 silly audit   'jest-diff': [ '29.7.0' ],
805 silly audit   'jest-docblock': [ '29.7.0' ],
805 silly audit   'jest-each': [ '29.7.0' ],
805 silly audit   'jest-environment-jsdom': [ '29.7.0' ],
805 silly audit   'jest-environment-node': [ '29.7.0' ],
805 silly audit   'jest-get-type': [ '29.6.3' ],
805 silly audit   'jest-haste-map': [ '29.7.0' ],
805 silly audit   'jest-leak-detector': [ '29.7.0' ],
805 silly audit   'jest-matcher-utils': [ '29.7.0' ],
805 silly audit   'jest-message-util': [ '29.7.0' ],
805 silly audit   'jest-mock': [ '29.7.0' ],
805 silly audit   'jest-pnp-resolver': [ '1.2.3' ],
805 silly audit   'jest-regex-util': [ '29.6.3' ],
805 silly audit   'jest-resolve': [ '29.7.0' ],
805 silly audit   'jest-resolve-dependencies': [ '29.7.0' ],
805 silly audit   resolve: [ '1.22.12', '2.0.0-next.6' ],
805 silly audit   'jest-runner': [ '29.7.0' ],
805 silly audit   'jest-runtime': [ '29.7.0' ],
805 silly audit   'jest-snapshot': [ '29.7.0' ],
805 silly audit   'jest-util': [ '29.7.0' ],
805 silly audit   'jest-validate': [ '29.7.0' ],
805 silly audit   'jest-watcher': [ '29.7.0' ],
805 silly audit   'jest-worker': [ '29.7.0' ],
805 silly audit   'supports-color': [ '8.1.1', '7.2.0' ],
805 silly audit   jiti: [ '1.21.7' ],
805 silly audit   'js-tokens': [ '4.0.0' ],
805 silly audit   jsdom: [ '20.0.3' ],
805 silly audit   jsesc: [ '3.1.0' ],
805 silly audit   'json-parse-even-better-errors': [ '2.3.1' ],
805 silly audit   'json-stable-stringify-without-jsonify': [ '1.0.1' ],
805 silly audit   json5: [ '2.2.3', '1.0.2' ],
805 silly audit   'jsx-ast-utils': [ '3.3.5' ],
805 silly audit   kleur: [ '3.0.3' ],
805 silly audit   leven: [ '3.1.0' ],
805 silly audit   levn: [ '0.4.1' ],
805 silly audit   lilconfig: [ '3.1.3' ],
805 silly audit   'lines-and-columns': [ '1.2.4' ],
805 silly audit   lodash: [ '4.18.1' ],
805 silly audit   'loose-envify': [ '1.4.0' ],
805 silly audit   'lru-cache': [ '5.1.1' ],
805 silly audit   'lucide-react': [ '0.468.0' ],
805 silly audit   'lz-string': [ '1.5.0' ],
805 silly audit   'make-dir': [ '4.0.0' ],
805 silly audit   makeerror: [ '1.0.12' ],
805 silly audit   'math-intrinsics': [ '1.1.0' ],
805 silly audit   'merge-stream': [ '2.0.0' ],
805 silly audit   merge2: [ '1.4.1' ],
805 silly audit   micromatch: [ '4.0.8' ],
805 silly audit   'mime-db': [ '1.52.0' ],
805 silly audit   'mime-types': [ '2.1.35' ],
805 silly audit   'mimic-fn': [ '2.1.0' ],
805 silly audit   'min-indent': [ '1.0.1' ],
805 silly audit   'motion-dom': [ '12.38.0' ],
805 silly audit   'motion-utils': [ '12.36.0' ],
805 silly audit   ms: [ '2.1.3' ],
805 silly audit   mz: [ '2.7.0' ],
805 silly audit   nanoid: [ '3.3.11' ],
805 silly audit   'natural-compare': [ '1.4.0' ],
805 silly audit   'next-themes': [ '0.4.6' ],
805 silly audit   postcss: [ '8.5.10' ],
805 silly audit   'node-exports-info': [ '1.6.0' ],
805 silly audit   'node-int64': [ '0.4.0' ],
805 silly audit   'node-releases': [ '2.0.38' ],
805 silly audit   'normalize-path': [ '3.0.0' ],
805 silly audit   'npm-run-path': [ '4.0.1' ],
805 silly audit   nwsapi: [ '2.2.23' ],
805 silly audit   'object-assign': [ '4.1.1' ],
805 silly audit   'object-hash': [ '3.0.0' ],
805 silly audit   'object-inspect': [ '1.13.4' ],
805 silly audit   'object-keys': [ '1.1.1' ],
805 silly audit   'object.assign': [ '4.1.7' ],
805 silly audit   'object.entries': [ '1.1.9' ],
805 silly audit   'object.fromentries': [ '2.0.8' ],
805 silly audit   'object.values': [ '1.2.1' ],
805 silly audit   once: [ '1.4.0' ],
805 silly audit   onetime: [ '5.1.2' ],
805 silly audit   optionator: [ '0.9.4' ],
805 silly audit   'own-keys': [ '1.0.1' ],
805 silly audit   'p-try': [ '2.2.0' ],
805 silly audit   'parse-json': [ '5.2.0' ],
805 silly audit   parse5: [ '7.3.0' ],
805 silly audit   'path-exists': [ '4.0.0' ],
805 silly audit   'path-is-absolute': [ '1.0.1' ],
805 silly audit   'path-key': [ '3.1.1' ],
805 silly audit   'path-parse': [ '1.0.7' ],
805 silly audit   picocolors: [ '1.1.1' ],
805 silly audit   picomatch: [ '2.3.2', '4.0.4' ],
805 silly audit   pify: [ '2.3.0' ],
805 silly audit   pirates: [ '4.0.7' ],
805 silly audit   'pkg-dir': [ '4.2.0' ],
805 silly audit   'possible-typed-array-names': [ '1.1.0' ],
805 silly audit   'postcss-import': [ '15.1.0' ],
805 silly audit   'postcss-js': [ '4.1.0' ],
805 silly audit   'postcss-load-config': [ '6.0.1' ],
805 silly audit   'postcss-nested': [ '6.2.0' ],
805 silly audit   'postcss-selector-parser': [ '6.1.2' ],
805 silly audit   'postcss-value-parser': [ '4.2.0' ],
805 silly audit   'prelude-ls': [ '1.2.1' ],
805 silly audit   prompts: [ '2.4.2' ],
805 silly audit   'prop-types': [ '15.8.1' ],
805 silly audit   'proxy-from-env': [ '2.1.0' ],
805 silly audit   psl: [ '1.15.0' ],
805 silly audit   punycode: [ '2.3.1' ],
805 silly audit   'pure-rand': [ '6.1.0' ],
805 silly audit   querystringify: [ '2.2.0' ],
805 silly audit   'queue-microtask': [ '1.2.3' ],
805 silly audit   react: [ '19.2.5' ],
805 silly audit   'react-dom': [ '19.2.5' ],
805 silly audit   'react-hook-form': [ '7.74.0' ],
805 silly audit   'react-smooth': [ '4.0.4' ],
805 silly audit   'react-transition-group': [ '4.4.5' ],
805 silly audit   'read-cache': [ '1.0.0' ],
805 silly audit   readdirp: [ '3.6.0' ],
805 silly audit   recharts: [ '2.15.4' ],
805 silly audit   'recharts-scale': [ '0.4.5' ],
805 silly audit   redent: [ '3.0.0' ],
805 silly audit   'reflect.getprototypeof': [ '1.0.10' ],
805 silly audit   'regexp.prototype.flags': [ '1.5.4' ],
805 silly audit   'require-directory': [ '2.1.1' ],
805 silly audit   'requires-port': [ '1.0.0' ],
805 silly audit   'resolve-cwd': [ '3.0.0' ],
805 silly audit   'resolve.exports': [ '2.0.3' ],
805 silly audit   reusify: [ '1.1.0' ],
805 silly audit   'run-parallel': [ '1.2.0' ],
805 silly audit   'safe-array-concat': [ '1.1.4' ],
805 silly audit   'safe-push-apply': [ '1.0.0' ],
805 silly audit   'safe-regex-test': [ '1.1.0' ],
805 silly audit   'safer-buffer': [ '2.1.2' ],
805 silly audit   saxes: [ '6.0.0' ],
805 silly audit   scheduler: [ '0.27.0' ],
805 silly audit   'set-function-length': [ '1.2.2' ],
805 silly audit   'set-function-name': [ '2.0.2' ],
805 silly audit   'set-proto': [ '1.0.0' ],
805 silly audit   sharp: [ '0.34.5' ],
805 silly audit   'shebang-command': [ '2.0.0' ],
805 silly audit   'shebang-regex': [ '3.0.0' ],
805 silly audit   'side-channel': [ '1.1.0' ],
805 silly audit   'side-channel-list': [ '1.0.1' ],
805 silly audit   'side-channel-map': [ '1.0.1' ],
805 silly audit   'side-channel-weakmap': [ '1.0.2' ],
805 silly audit   'signal-exit': [ '3.0.7' ],
805 silly audit   sisteransi: [ '1.0.5' ],
805 silly audit   slash: [ '3.0.0' ],
805 silly audit   sonner: [ '1.7.4' ],
805 silly audit   'source-map': [ '0.6.1' ],
805 silly audit   'source-map-js': [ '1.2.1' ],
805 silly audit   'source-map-support': [ '0.5.13' ],
805 silly audit   'sprintf-js': [ '1.0.3' ],
805 silly audit   'stack-utils': [ '2.0.6' ],
805 silly audit   'stop-iteration-iterator': [ '1.1.0' ],
805 silly audit   'string-length': [ '4.0.2' ],
805 silly audit   'string-width': [ '4.2.3' ],
805 silly audit   'string.prototype.trim': [ '1.2.10' ],
805 silly audit   'string.prototype.trimend': [ '1.0.9' ],
805 silly audit   'string.prototype.trimstart': [ '1.0.8' ],
805 silly audit   'strip-ansi': [ '6.0.1' ],
805 silly audit   'strip-bom': [ '4.0.0', '3.0.0' ],
805 silly audit   'strip-final-newline': [ '2.0.0' ],
805 silly audit   'strip-indent': [ '3.0.0' ],
805 silly audit   'strip-json-comments': [ '3.1.1' ],
805 silly audit   'styled-jsx': [ '5.1.6' ],
805 silly audit   sucrase: [ '3.35.1' ],
805 silly audit   'supports-preserve-symlinks-flag': [ '1.0.0' ],
805 silly audit   'symbol-tree': [ '3.2.4' ],
805 silly audit   'tailwind-merge': [ '2.6.1' ],
805 silly audit   tailwindcss: [ '3.4.19' ],
805 silly audit   'test-exclude': [ '6.0.0' ],
805 silly audit   thenify: [ '3.3.1' ],
805 silly audit   'thenify-all': [ '1.6.0' ],
805 silly audit   'tiny-invariant': [ '1.3.3' ],
805 silly audit   tinyglobby: [ '0.2.16' ],
805 silly audit   fdir: [ '6.5.0' ],
805 silly audit   tmpl: [ '1.0.5' ],
805 silly audit   'to-regex-range': [ '5.0.1' ],
805 silly audit   'tough-cookie': [ '4.1.4' ],
805 silly audit   tr46: [ '3.0.0' ],
805 silly audit   'ts-interface-checker': [ '0.1.13' ],
805 silly audit   tslib: [ '2.8.1' ],
805 silly audit   'type-check': [ '0.4.0' ],
805 silly audit   'type-detect': [ '4.0.8' ],
805 silly audit   'typed-array-buffer': [ '1.0.3' ],
805 silly audit   'typed-array-byte-length': [ '1.0.3' ],
805 silly audit   'typed-array-byte-offset': [ '1.0.4' ],
805 silly audit   'typed-array-length': [ '1.0.7' ],
805 silly audit   typescript: [ '5.9.3' ],
805 silly audit   'unbox-primitive': [ '1.1.0' ],
805 silly audit   'undici-types': [ '6.21.0' ],
805 silly audit   universalify: [ '0.2.0' ],
805 silly audit   'update-browserslist-db': [ '1.2.3' ],
805 silly audit   'url-parse': [ '1.5.10' ],
805 silly audit   'util-deprecate': [ '1.0.2' ],
805 silly audit   'v8-to-istanbul': [ '9.3.0' ],
805 silly audit   'victory-vendor': [ '36.9.2' ],
805 silly audit   'w3c-xmlserializer': [ '4.0.0' ],
805 silly audit   walker: [ '1.0.8' ],
805 silly audit   'webidl-conversions': [ '7.0.0' ],
805 silly audit   'whatwg-encoding': [ '2.0.0' ],
805 silly audit   'whatwg-mimetype': [ '3.0.0' ],
805 silly audit   'whatwg-url': [ '11.0.0' ],
805 silly audit   which: [ '2.0.2' ],
805 silly audit   'which-boxed-primitive': [ '1.1.1' ],
805 silly audit   'which-builtin-type': [ '1.2.1' ],
805 silly audit   'which-collection': [ '1.0.2' ],
805 silly audit   'which-typed-array': [ '1.1.20' ],
805 silly audit   'word-wrap': [ '1.2.5' ],
805 silly audit   'wrap-ansi': [ '7.0.0' ],
805 silly audit   wrappy: [ '1.0.2' ],
805 silly audit   'write-file-atomic': [ '4.0.2' ],
805 silly audit   ws: [ '8.20.0' ],
805 silly audit   'xml-name-validator': [ '4.0.0' ],
805 silly audit   xmlchars: [ '2.2.0' ],
805 silly audit   y18n: [ '5.0.8' ],
805 silly audit   yallist: [ '3.1.1' ],
805 silly audit   yargs: [ '17.7.2' ],
805 silly audit   'yargs-parser': [ '21.1.1' ],
805 silly audit   'yocto-queue': [ '0.1.0' ],
805 silly audit   zod: [ '3.25.76' ],
805 silly audit   zustand: [ '5.0.12' ],
805 silly audit   eslint: [ '10.2.1' ],
805 silly audit   'eslint-config-next': [ '16.2.4' ],
805 silly audit   next: [ '16.2.4' ],
805 silly audit   '@eslint/config-array': [ '0.23.5' ],
805 silly audit   '@eslint/config-helpers': [ '0.5.5' ],
805 silly audit   '@eslint/core': [ '1.2.1' ],
805 silly audit   '@eslint/plugin-kit': [ '0.7.1' ],
805 silly audit   '@humanfs/node': [ '0.16.8' ],
805 silly audit   '@humanwhocodes/retry': [ '0.4.3' ],
805 silly audit   '@types/estree': [ '1.0.8' ],
805 silly audit   ajv: [ '6.15.0' ],
805 silly audit   'eslint-scope': [ '9.1.2' ],
805 silly audit   espree: [ '11.2.0' ],
805 silly audit   'fast-deep-equal': [ '3.1.3' ],
805 silly audit   'file-entry-cache': [ '8.0.0' ],
805 silly audit   ignore: [ '5.3.2', '7.0.5' ],
805 silly audit   '@eslint/object-schema': [ '3.0.5' ],
805 silly audit   '@types/json-schema': [ '7.0.15' ],
805 silly audit   '@humanfs/core': [ '0.19.2' ],
805 silly audit   '@humanfs/types': [ '0.15.0' ],
805 silly audit   'json-schema-traverse': [ '0.4.1' ],
805 silly audit   'uri-js': [ '4.4.1' ],
805 silly audit   '@next/eslint-plugin-next': [ '16.2.4' ],
805 silly audit   'eslint-import-resolver-typescript': [ '3.10.1' ],
805 silly audit   'eslint-plugin-import': [ '2.32.0' ],
805 silly audit   'eslint-plugin-jsx-a11y': [ '6.10.2' ],
805 silly audit   'eslint-plugin-react': [ '7.37.5' ],
805 silly audit   'eslint-plugin-react-hooks': [ '7.1.1' ],
805 silly audit   globals: [ '16.4.0' ],
805 silly audit   'typescript-eslint': [ '8.59.0' ],
805 silly audit   'hermes-parser': [ '0.25.1' ],
805 silly audit   'zod-validation-error': [ '4.0.2' ],
805 silly audit   '@types/esrecurse': [ '4.3.1' ],
805 silly audit   esrecurse: [ '4.3.0' ],
805 silly audit   'acorn-jsx': [ '5.3.2' ],
805 silly audit   'flat-cache': [ '4.0.1' ],
805 silly audit   flatted: [ '3.4.2' ],
805 silly audit   keyv: [ '4.5.4' ],
805 silly audit   'hermes-estree': [ '0.25.1' ],
805 silly audit   'json-buffer': [ '3.0.1' ],
805 silly audit   '@next/env': [ '16.2.4' ],
805 silly audit   '@next/swc-darwin-arm64': [ '16.2.4' ],
805 silly audit   '@next/swc-darwin-x64': [ '16.2.4' ],
805 silly audit   '@next/swc-linux-arm64-gnu': [ '16.2.4' ],
805 silly audit   '@next/swc-linux-arm64-musl': [ '16.2.4' ],
805 silly audit   '@next/swc-linux-x64-gnu': [ '16.2.4' ],
805 silly audit   '@next/swc-linux-x64-musl': [ '16.2.4' ],
805 silly audit   '@next/swc-win32-arm64-msvc': [ '16.2.4' ],
805 silly audit   '@next/swc-win32-x64-msvc': [ '16.2.4' ],
805 silly audit   '@typescript-eslint/eslint-plugin': [ '8.59.0' ],
805 silly audit   '@typescript-eslint/parser': [ '8.59.0' ],
805 silly audit   '@typescript-eslint/typescript-estree': [ '8.59.0' ],
805 silly audit   '@typescript-eslint/utils': [ '8.59.0' ],
805 silly audit   '@typescript-eslint/scope-manager': [ '8.59.0' ],
805 silly audit   '@typescript-eslint/type-utils': [ '8.59.0' ],
805 silly audit   '@typescript-eslint/visitor-keys': [ '8.59.0' ],
805 silly audit   'ts-api-utils': [ '2.5.0' ],
805 silly audit   '@typescript-eslint/types': [ '8.59.0' ],
805 silly audit   '@typescript-eslint/project-service': [ '8.59.0' ],
805 silly audit   '@typescript-eslint/tsconfig-utils': [ '8.59.0' ],
805 silly audit   '@nolyfill/is-core-module': [ '1.0.39' ],
805 silly audit   'get-tsconfig': [ '4.14.0' ],
805 silly audit   'is-bun-module': [ '2.0.0' ],
805 silly audit   'stable-hash': [ '0.0.5' ],
805 silly audit   'unrs-resolver': [ '1.11.1' ],
805 silly audit   'resolve-pkg-maps': [ '1.0.0' ],
805 silly audit   '@unrs/resolver-binding-android-arm-eabi': [ '1.11.1' ],
805 silly audit   '@unrs/resolver-binding-android-arm64': [ '1.11.1' ],
805 silly audit   '@unrs/resolver-binding-darwin-arm64': [ '1.11.1' ],
805 silly audit   '@unrs/resolver-binding-darwin-x64': [ '1.11.1' ],
805 silly audit   '@unrs/resolver-binding-freebsd-x64': [ '1.11.1' ],
805 silly audit   '@unrs/resolver-binding-linux-arm-gnueabihf': [ '1.11.1' ],
805 silly audit   '@unrs/resolver-binding-linux-arm-musleabihf': [ '1.11.1' ],
805 silly audit   '@unrs/resolver-binding-linux-arm64-gnu': [ '1.11.1' ],
805 silly audit   '@unrs/resolver-binding-linux-arm64-musl': [ '1.11.1' ],
805 silly audit   '@unrs/resolver-binding-linux-ppc64-gnu': [ '1.11.1' ],
805 silly audit   '@unrs/resolver-binding-linux-riscv64-gnu': [ '1.11.1' ],
805 silly audit   '@unrs/resolver-binding-linux-riscv64-musl': [ '1.11.1' ],
805 silly audit   '@unrs/resolver-binding-linux-s390x-gnu': [ '1.11.1' ],
805 silly audit   '@unrs/resolver-binding-linux-x64-gnu': [ '1.11.1' ],
805 silly audit   '@unrs/resolver-binding-linux-x64-musl': [ '1.11.1' ],
805 silly audit   '@unrs/resolver-binding-wasm32-wasi': [ '1.11.1' ],
805 silly audit   '@unrs/resolver-binding-win32-arm64-msvc': [ '1.11.1' ],
805 silly audit   '@unrs/resolver-binding-win32-ia32-msvc': [ '1.11.1' ],
805 silly audit   '@unrs/resolver-binding-win32-x64-msvc': [ '1.11.1' ],
805 silly audit   'napi-postinstall': [ '0.3.4' ],
805 silly audit   '@napi-rs/wasm-runtime': [ '0.2.12' ],
805 silly audit   '@emnapi/core': [ '1.10.0' ],
805 silly audit   '@tybys/wasm-util': [ '0.10.1' ],
805 silly audit   '@emnapi/wasi-threads': [ '1.2.1' ],
805 silly audit   '@rtsao/scc': [ '1.1.0' ],
805 silly audit   'array.prototype.findlastindex': [ '1.2.6' ],
805 silly audit   doctrine: [ '2.1.0' ],
805 silly audit   'eslint-module-utils': [ '2.12.1' ],
805 silly audit   'object.groupby': [ '1.0.3' ],
805 silly audit   'tsconfig-paths': [ '3.15.0' ],
805 silly audit   '@types/json5': [ '0.0.29' ],
805 silly audit   minimist: [ '1.2.8' ],
805 silly audit   'ast-types-flow': [ '0.0.8' ],
805 silly audit   'axe-core': [ '4.11.3' ],
805 silly audit   'axobject-query': [ '4.1.0' ],
805 silly audit   'damerau-levenshtein': [ '1.0.8' ],
805 silly audit   'language-tags': [ '1.0.9' ],
805 silly audit   'string.prototype.includes': [ '2.0.1' ],
805 silly audit   'language-subtag-registry': [ '0.3.23' ],
805 silly audit   'array.prototype.findlast': [ '1.2.5' ],
805 silly audit   'array.prototype.tosorted': [ '1.1.4' ],
805 silly audit   'es-iterator-helpers': [ '1.3.2' ],
805 silly audit   'string.prototype.matchall': [ '4.0.12' ],
805 silly audit   'string.prototype.repeat': [ '1.0.0' ],
805 silly audit   'iterator.prototype': [ '1.1.5' ]
805 silly audit }
806 http cache next@https://registry.npmjs.org/next/-/next-16.2.4.tgz 0ms (cache hit)
807 http cache hermes-estree@https://registry.npmjs.org/hermes-estree/-/hermes-estree-0.25.1.tgz 0ms (cache hit)
808 http cache @types/esrecurse@https://registry.npmjs.org/@types/esrecurse/-/esrecurse-4.3.1.tgz 0ms (cache hit)
809 http cache @humanfs/types@https://registry.npmjs.org/@humanfs/types/-/types-0.15.0.tgz 0ms (cache hit)
810 http cache @humanfs/core@https://registry.npmjs.org/@humanfs/core/-/core-0.19.2.tgz 0ms (cache hit)
811 http cache zod-validation-error@https://registry.npmjs.org/zod-validation-error/-/zod-validation-error-4.0.2.tgz 0ms (cache hit)
812 http cache hermes-parser@https://registry.npmjs.org/hermes-parser/-/hermes-parser-0.25.1.tgz 0ms (cache hit)
813 http cache typescript-eslint@https://registry.npmjs.org/typescript-eslint/-/typescript-eslint-8.59.0.tgz 0ms (cache hit)
814 http cache @types/json-schema@https://registry.npmjs.org/@types/json-schema/-/json-schema-7.0.15.tgz 0ms (cache hit)
815 http cache @eslint/object-schema@https://registry.npmjs.org/@eslint/object-schema/-/object-schema-3.0.5.tgz 0ms (cache hit)
816 http cache @types/estree@https://registry.npmjs.org/@types/estree/-/estree-1.0.8.tgz 0ms (cache hit)
817 http cache @humanfs/node@https://registry.npmjs.org/@humanfs/node/-/node-0.16.8.tgz 0ms (cache hit)
818 http cache @humanwhocodes/retry@https://registry.npmjs.org/@humanwhocodes/retry/-/retry-0.4.3.tgz 0ms (cache hit)
819 http cache @eslint/plugin-kit@https://registry.npmjs.org/@eslint/plugin-kit/-/plugin-kit-0.7.1.tgz 0ms (cache hit)
820 http cache @eslint/config-array@https://registry.npmjs.org/@eslint/config-array/-/config-array-0.23.5.tgz 0ms (cache hit)
821 http cache @eslint/core@https://registry.npmjs.org/@eslint/core/-/core-1.2.1.tgz 0ms (cache hit)
822 http cache @eslint/config-helpers@https://registry.npmjs.org/@eslint/config-helpers/-/config-helpers-0.5.5.tgz 0ms (cache hit)
823 silly tarball no local data for next@https://registry.npmjs.org/next/-/next-16.2.4.tgz. Extracting by manifest.
824 http cache globals@https://registry.npmjs.org/globals/-/globals-16.4.0.tgz 0ms (cache hit)
825 http cache file-entry-cache@https://registry.npmjs.org/file-entry-cache/-/file-entry-cache-8.0.0.tgz 0ms (cache hit)
826 http cache flat-cache@https://registry.npmjs.org/flat-cache/-/flat-cache-4.0.1.tgz 0ms (cache hit)
827 http cache eslint-scope@https://registry.npmjs.org/eslint-scope/-/eslint-scope-9.1.2.tgz 0ms (cache hit)
828 http cache espree@https://registry.npmjs.org/espree/-/espree-11.2.0.tgz 0ms (cache hit)
829 http cache eslint-plugin-react-hooks@https://registry.npmjs.org/eslint-plugin-react-hooks/-/eslint-plugin-react-hooks-7.1.1.tgz 0ms (cache hit)
830 http cache eslint-config-next@https://registry.npmjs.org/eslint-config-next/-/eslint-config-next-16.2.4.tgz 0ms (cache hit)
831 http cache eslint@https://registry.npmjs.org/eslint/-/eslint-10.2.1.tgz 0ms (cache hit)
832 http cache doctrine@https://registry.npmjs.org/doctrine/-/doctrine-2.1.0.tgz 0ms (cache hit)
833 http cache @next/swc-win32-x64-msvc@https://registry.npmjs.org/@next/swc-win32-x64-msvc/-/swc-win32-x64-msvc-16.2.4.tgz 0ms (cache hit)
834 http cache @next/eslint-plugin-next@https://registry.npmjs.org/@next/eslint-plugin-next/-/eslint-plugin-next-16.2.4.tgz 0ms (cache hit)
835 http cache @next/env@https://registry.npmjs.org/@next/env/-/env-16.2.4.tgz 0ms (cache hit)
836 http cache eslint-visitor-keys@https://registry.npmjs.org/eslint-visitor-keys/-/eslint-visitor-keys-5.0.1.tgz 0ms (cache hit)
837 http cache balanced-match@https://registry.npmjs.org/balanced-match/-/balanced-match-4.0.4.tgz 0ms (cache hit)
838 http cache brace-expansion@https://registry.npmjs.org/brace-expansion/-/brace-expansion-5.0.5.tgz 0ms (cache hit)
839 http cache aria-query@https://registry.npmjs.org/aria-query/-/aria-query-5.3.2.tgz 0ms (cache hit)
840 http cache semver@https://registry.npmjs.org/semver/-/semver-6.3.1.tgz 0ms (cache hit)
841 http cache minimatch@https://registry.npmjs.org/minimatch/-/minimatch-10.2.5.tgz 0ms (cache hit)
842 http cache eslint-plugin-react@https://registry.npmjs.org/eslint-plugin-react/-/eslint-plugin-react-7.37.5.tgz 0ms (cache hit)
843 http cache eslint-plugin-jsx-a11y@https://registry.npmjs.org/eslint-plugin-jsx-a11y/-/eslint-plugin-jsx-a11y-6.10.2.tgz 0ms (cache hit)
844 http cache eslint-plugin-import@https://registry.npmjs.org/eslint-plugin-import/-/eslint-plugin-import-2.32.0.tgz 0ms (cache hit)
845 http cache eslint-import-resolver-typescript@https://registry.npmjs.org/eslint-import-resolver-typescript/-/eslint-import-resolver-typescript-3.10.1.tgz 0ms (cache hit)
846 http cache debug@https://registry.npmjs.org/debug/-/debug-3.2.7.tgz 0ms (cache hit)
847 http cache balanced-match@https://registry.npmjs.org/balanced-match/-/balanced-match-4.0.4.tgz 0ms (cache hit)
848 silly tarball no local data for hermes-estree@https://registry.npmjs.org/hermes-estree/-/hermes-estree-0.25.1.tgz. Extracting by manifest.
849 silly tarball no local data for @types/esrecurse@https://registry.npmjs.org/@types/esrecurse/-/esrecurse-4.3.1.tgz. Extracting by manifest.
850 http cache brace-expansion@https://registry.npmjs.org/brace-expansion/-/brace-expansion-5.0.5.tgz 0ms (cache hit)
851 silly tarball no local data for @humanfs/types@https://registry.npmjs.org/@humanfs/types/-/types-0.15.0.tgz. Extracting by manifest.
852 http cache eslint-visitor-keys@https://registry.npmjs.org/eslint-visitor-keys/-/eslint-visitor-keys-5.0.1.tgz 0ms (cache hit)
853 http cache minimatch@https://registry.npmjs.org/minimatch/-/minimatch-10.2.5.tgz 0ms (cache hit)
854 silly tarball no local data for @humanfs/core@https://registry.npmjs.org/@humanfs/core/-/core-0.19.2.tgz. Extracting by manifest.
855 silly tarball no local data for zod-validation-error@https://registry.npmjs.org/zod-validation-error/-/zod-validation-error-4.0.2.tgz. Extracting by manifest.
856 silly tarball no local data for hermes-parser@https://registry.npmjs.org/hermes-parser/-/hermes-parser-0.25.1.tgz. Extracting by manifest.
857 silly tarball no local data for typescript-eslint@https://registry.npmjs.org/typescript-eslint/-/typescript-eslint-8.59.0.tgz. Extracting by manifest.
858 silly tarball no local data for @types/json-schema@https://registry.npmjs.org/@types/json-schema/-/json-schema-7.0.15.tgz. Extracting by manifest.
859 silly tarball no local data for @eslint/object-schema@https://registry.npmjs.org/@eslint/object-schema/-/object-schema-3.0.5.tgz. Extracting by manifest.
860 silly tarball no local data for @types/estree@https://registry.npmjs.org/@types/estree/-/estree-1.0.8.tgz. Extracting by manifest.
861 silly tarball no local data for @humanfs/node@https://registry.npmjs.org/@humanfs/node/-/node-0.16.8.tgz. Extracting by manifest.
862 silly tarball no local data for @humanwhocodes/retry@https://registry.npmjs.org/@humanwhocodes/retry/-/retry-0.4.3.tgz. Extracting by manifest.
863 silly tarball no local data for @eslint/plugin-kit@https://registry.npmjs.org/@eslint/plugin-kit/-/plugin-kit-0.7.1.tgz. Extracting by manifest.
864 silly tarball no local data for @eslint/config-array@https://registry.npmjs.org/@eslint/config-array/-/config-array-0.23.5.tgz. Extracting by manifest.
865 silly tarball no local data for @eslint/core@https://registry.npmjs.org/@eslint/core/-/core-1.2.1.tgz. Extracting by manifest.
866 silly tarball no local data for @eslint/config-helpers@https://registry.npmjs.org/@eslint/config-helpers/-/config-helpers-0.5.5.tgz. Extracting by manifest.
867 silly tarball no local data for globals@https://registry.npmjs.org/globals/-/globals-16.4.0.tgz. Extracting by manifest.
868 silly tarball no local data for file-entry-cache@https://registry.npmjs.org/file-entry-cache/-/file-entry-cache-8.0.0.tgz. Extracting by manifest.
869 silly tarball no local data for flat-cache@https://registry.npmjs.org/flat-cache/-/flat-cache-4.0.1.tgz. Extracting by manifest.
870 silly tarball no local data for eslint-scope@https://registry.npmjs.org/eslint-scope/-/eslint-scope-9.1.2.tgz. Extracting by manifest.
871 silly tarball no local data for espree@https://registry.npmjs.org/espree/-/espree-11.2.0.tgz. Extracting by manifest.
872 silly tarball no local data for eslint-plugin-react-hooks@https://registry.npmjs.org/eslint-plugin-react-hooks/-/eslint-plugin-react-hooks-7.1.1.tgz. Extracting by manifest.
873 silly tarball no local data for eslint-config-next@https://registry.npmjs.org/eslint-config-next/-/eslint-config-next-16.2.4.tgz. Extracting by manifest.
874 silly tarball no local data for eslint@https://registry.npmjs.org/eslint/-/eslint-10.2.1.tgz. Extracting by manifest.
875 silly tarball no local data for @next/swc-win32-x64-msvc@https://registry.npmjs.org/@next/swc-win32-x64-msvc/-/swc-win32-x64-msvc-16.2.4.tgz. Extracting by manifest.
876 silly tarball no local data for @next/eslint-plugin-next@https://registry.npmjs.org/@next/eslint-plugin-next/-/eslint-plugin-next-16.2.4.tgz. Extracting by manifest.
877 silly tarball no local data for @next/env@https://registry.npmjs.org/@next/env/-/env-16.2.4.tgz. Extracting by manifest.
878 http fetch GET 200 https://registry.npmjs.org/@types/esrecurse/-/esrecurse-4.3.1.tgz 272ms (cache miss)
879 http fetch POST 200 https://registry.npmjs.org/-/npm/v1/security/advisories/bulk 381ms
880 silly audit report {
880 silly audit report   '@tootallnate/once': [
880 silly audit report     {
880 silly audit report       id: 1113977,
880 silly audit report       url: 'https://github.com/advisories/GHSA-vpq2-c234-7xj6',
880 silly audit report       title: '@tootallnate/once vulnerable to Incorrect Control Flow Scoping',
880 silly audit report       severity: 'low',
880 silly audit report       vulnerable_versions: '<3.0.1',
880 silly audit report       cwe: [Array],
880 silly audit report       cvss: [Object]
880 silly audit report     }
880 silly audit report   ]
880 silly audit report }
881 silly packumentCache corgi:https://registry.npmjs.org/@tootallnate%2fonce cache-miss
882 http fetch GET 200 https://registry.npmjs.org/@humanfs/types/-/types-0.15.0.tgz 334ms (cache miss)
883 http fetch GET 200 https://registry.npmjs.org/@types/json-schema/-/json-schema-7.0.15.tgz 439ms (cache miss)
884 http cache https://registry.npmjs.org/@tootallnate%2fonce 117ms (cache hit)
885 silly packumentCache corgi:https://registry.npmjs.org/@tootallnate%2fonce set size:10818 disposed:false
886 silly packumentCache corgi:https://registry.npmjs.org/http-proxy-agent cache-miss
887 http cache https://registry.npmjs.org/http-proxy-agent 66ms (cache hit)
888 silly packumentCache corgi:https://registry.npmjs.org/http-proxy-agent set size:24577 disposed:false
889 silly packumentCache corgi:https://registry.npmjs.org/jsdom cache-miss
890 http fetch GET 200 https://registry.npmjs.org/typescript-eslint/-/typescript-eslint-8.59.0.tgz 561ms (cache miss)
891 http fetch GET 200 https://registry.npmjs.org/@humanfs/core/-/core-0.19.2.tgz 586ms (cache miss)
892 http cache https://registry.npmjs.org/jsdom 81ms (cache hit)
893 silly packumentCache corgi:https://registry.npmjs.org/jsdom set size:379831 disposed:false
894 silly packumentCache corgi:https://registry.npmjs.org/jest-environment-jsdom cache-miss
895 http fetch GET 200 https://registry.npmjs.org/@eslint/object-schema/-/object-schema-3.0.5.tgz 629ms (cache miss)
896 http cache https://registry.npmjs.org/jest-environment-jsdom 60ms (cache hit)
897 silly packumentCache corgi:https://registry.npmjs.org/jest-environment-jsdom set size:345603 disposed:false
898 http fetch GET 200 https://registry.npmjs.org/zod-validation-error/-/zod-validation-error-4.0.2.tgz 702ms (cache miss)
899 http fetch GET 200 https://registry.npmjs.org/hermes-estree/-/hermes-estree-0.25.1.tgz 732ms (cache miss)
900 http fetch GET 200 https://registry.npmjs.org/file-entry-cache/-/file-entry-cache-8.0.0.tgz 739ms (cache miss)
901 http fetch GET 200 https://registry.npmjs.org/@eslint/core/-/core-1.2.1.tgz 764ms (cache miss)
902 http fetch GET 200 https://registry.npmjs.org/@eslint/config-helpers/-/config-helpers-0.5.5.tgz 783ms (cache miss)
903 http fetch GET 200 https://registry.npmjs.org/globals/-/globals-16.4.0.tgz 822ms (cache miss)
904 http fetch GET 200 https://registry.npmjs.org/flat-cache/-/flat-cache-4.0.1.tgz 831ms (cache miss)
905 http fetch GET 200 https://registry.npmjs.org/espree/-/espree-11.2.0.tgz 907ms (cache miss)
906 http fetch GET 200 https://registry.npmjs.org/@eslint/config-array/-/config-array-0.23.5.tgz 924ms (cache miss)
907 http fetch GET 200 https://registry.npmjs.org/eslint-config-next/-/eslint-config-next-16.2.4.tgz 1022ms (cache miss)
908 http fetch GET 200 https://registry.npmjs.org/eslint-scope/-/eslint-scope-9.1.2.tgz 1158ms (cache miss)
909 http fetch GET 200 https://registry.npmjs.org/@next/env/-/env-16.2.4.tgz 1183ms (cache miss)
910 http fetch GET 200 https://registry.npmjs.org/@types/estree/-/estree-1.0.8.tgz 1332ms (cache miss)
911 http fetch GET 200 https://registry.npmjs.org/@humanfs/node/-/node-0.16.8.tgz 1375ms (cache miss)
912 http fetch GET 200 https://registry.npmjs.org/@eslint/plugin-kit/-/plugin-kit-0.7.1.tgz 1425ms (cache miss)
913 http fetch GET 200 https://registry.npmjs.org/@next/eslint-plugin-next/-/eslint-plugin-next-16.2.4.tgz 1436ms (cache miss)
914 http fetch GET 200 https://registry.npmjs.org/hermes-parser/-/hermes-parser-0.25.1.tgz 1499ms (cache miss)
915 http fetch GET 200 https://registry.npmjs.org/@humanwhocodes/retry/-/retry-0.4.3.tgz 1989ms (cache miss)
916 http fetch GET 200 https://registry.npmjs.org/eslint-plugin-react-hooks/-/eslint-plugin-react-hooks-7.1.1.tgz 3269ms (cache miss)
917 http fetch GET 200 https://registry.npmjs.org/eslint/-/eslint-10.2.1.tgz 3351ms (cache miss)
918 http fetch GET 200 https://registry.npmjs.org/@next/swc-win32-x64-msvc/-/swc-win32-x64-msvc-16.2.4.tgz 55639ms (cache miss)
919 http fetch GET 200 https://registry.npmjs.org/next/-/next-16.2.4.tgz 61325ms (cache miss)
920 silly ADD node_modules/hermes-estree
921 silly ADD node_modules/@types/esrecurse
922 silly ADD node_modules/zod-validation-error
923 silly ADD node_modules/hermes-parser
924 silly ADD node_modules/typescript-eslint
925 silly ADD node_modules/@humanfs/types
926 silly ADD node_modules/@humanfs/core
927 silly ADD node_modules/@types/json-schema
928 silly ADD node_modules/@eslint/object-schema
929 silly ADD node_modules/@types/estree
930 silly ADD node_modules/@humanwhocodes/retry
931 silly ADD node_modules/@humanfs/node
932 silly ADD node_modules/@eslint/plugin-kit
933 silly ADD node_modules/@eslint/core
934 silly ADD node_modules/@eslint/config-helpers
935 silly ADD node_modules/@eslint/config-array
936 silly ADD node_modules/@eslint/config-array/node_modules/balanced-match
937 silly ADD node_modules/@eslint/config-array/node_modules/brace-expansion
938 silly ADD node_modules/@eslint/config-array/node_modules/minimatch
939 silly REMOVE node_modules/type-fest
940 silly REMOVE node_modules/text-table
941 silly REMOVE node_modules/rimraf
942 silly REMOVE node_modules/resolve-from
943 silly REMOVE node_modules/parent-module
944 silly CHANGE node_modules/next
945 silly REMOVE node_modules/next/node_modules/postcss
946 silly REMOVE node_modules/lodash.merge
947 silly REMOVE node_modules/js-yaml
948 silly REMOVE node_modules/is-path-inside
949 silly REMOVE node_modules/import-fresh
950 silly REMOVE node_modules/graphemer
951 silly CHANGE node_modules/globals
952 silly CHANGE node_modules/flat-cache
953 silly CHANGE node_modules/file-entry-cache
954 silly CHANGE node_modules/espree
955 silly ADD node_modules/espree/node_modules/eslint-visitor-keys
956 silly CHANGE node_modules/eslint-scope
957 silly CHANGE node_modules/eslint-plugin-react-hooks
958 silly REMOVE node_modules/eslint-plugin-react
959 silly REMOVE node_modules/eslint-plugin-react/node_modules/semver
960 silly REMOVE node_modules/eslint-plugin-react/node_modules/doctrine
961 silly REMOVE node_modules/eslint-plugin-jsx-a11y
962 silly REMOVE node_modules/eslint-plugin-jsx-a11y/node_modules/aria-query
963 silly REMOVE node_modules/eslint-plugin-import
964 silly REMOVE node_modules/eslint-plugin-import/node_modules/semver
965 silly REMOVE node_modules/eslint-plugin-import/node_modules/doctrine
966 silly REMOVE node_modules/eslint-plugin-import/node_modules/debug
967 silly REMOVE node_modules/eslint-import-resolver-typescript
968 silly CHANGE node_modules/eslint-config-next
969 silly ADD node_modules/eslint-config-next/node_modules/aria-query
970 silly ADD node_modules/eslint-config-next/node_modules/semver
971 silly ADD node_modules/eslint-config-next/node_modules/eslint-plugin-react
972 silly ADD node_modules/eslint-config-next/node_modules/eslint-plugin-jsx-a11y
973 silly ADD node_modules/eslint-config-next/node_modules/eslint-plugin-import
974 silly ADD node_modules/eslint-config-next/node_modules/eslint-plugin-import/node_modules/debug
975 silly ADD node_modules/eslint-config-next/node_modules/eslint-import-resolver-typescript
976 silly CHANGE node_modules/eslint
977 silly ADD node_modules/eslint/node_modules/balanced-match
978 silly ADD node_modules/eslint/node_modules/brace-expansion
979 silly ADD node_modules/eslint/node_modules/minimatch
980 silly ADD node_modules/eslint/node_modules/eslint-visitor-keys
981 silly CHANGE node_modules/doctrine
982 silly REMOVE node_modules/argparse
983 silly REMOVE node_modules/@ungap/structured-clone
984 silly REMOVE node_modules/@rushstack/eslint-patch
985 silly CHANGE node_modules/@next/swc-win32-x64-msvc
986 silly CHANGE node_modules/@next/eslint-plugin-next
987 silly CHANGE node_modules/@next/env
988 silly REMOVE node_modules/@humanwhocodes/object-schema
989 silly REMOVE node_modules/@humanwhocodes/config-array
990 silly REMOVE node_modules/@eslint/js
991 silly REMOVE node_modules/@eslint/eslintrc
992 verbose cwd S:\Clouthes WEB
993 verbose os Windows_NT 10.0.26200
994 verbose node v24.13.0
995 verbose npm  v11.6.2
996 verbose exit 0
997 info ok
